suite,name,spec,batch,length,weights,cls,s1_today,native_today,native_over_s1,s1_p16,native_p16,native_p16_over_today,s1_p16_over_today,s1_engine_today,s1_engine_p16,anchor_engine,anchor_over_s1_engine,cpu_today,cpu_anchor,cpu_anchor_over_today,check,s1_beats_cpu,native_beats_cpu,error_s1,error_native
suite106,big00-b32l128,bytes.emb.512|mgru.512,32,128,,big,10.2494,11.335,1.1059,10.3409,24.3835,2.1512,1.0089,,,,,,,,,,,,
suite106,big00-b8l256,bytes.emb.512|mgru.512,8,256,,big,17.419,17.4161,0.9998,17.5162,42.0271,2.4131,1.0056,,,,,,,,,,,,
suite106,big01-b32l128,bytes.emb.256|gru.256-gru.256-gru.256,32,128,,big,19.8234,19.9668,1.0072,19.8807,74.1426,3.7133,1.0029,,,,,,,,,,,,
suite106,big01-b8l256,bytes.emb.256|gru.256-gru.256-gru.256,8,256,,big,36.8465,36.5626,0.9923,37.1945,132.0656,3.612,1.0094,,,,,,,,,,,,
suite106,big02-b32l128,bytes|gru.512,32,128,,big,17.0285,17.0409,1.0007,17.1369,30.6189,1.7968,1.0064,,,,,,,,,,,,
suite106,big02-b8l256,bytes|gru.512,8,256,,big,32.0779,32.2074,1.004,32.2202,46.3738,1.4398,1.0044,,,,,,,,,,,,
suite106,big03-b32l128,bytes.emb.512|gru.512,32,128,,big,18.544,18.0953,0.9758,18.3466,31.7842,1.7565,0.9894,,,,,,,,,,,,
suite106,big03-b8l256,bytes.emb.512|gru.512,8,256,,big,32.626,33.0023,1.0115,32.7942,47.2655,1.4322,1.0052,,,,,,,,,,,,
suite106,big04-b32l128,"bytes.emb.512|split.add(gru.512, pass)",32,128,,big,18.9407,19.0774,1.0072,18.4171,31.8967,1.672,0.9724,,,,,,,,,,,,
suite106,big04-b8l256,"bytes.emb.512|split.add(gru.512, pass)",8,256,,big,32.6666,32.8147,1.0045,32.8334,47.5634,1.4495,1.0051,,,,,,,,,,,,
suite106,big05-b32l128,bytes.emb.512|gru.512-rmsnorm,32,128,,big,19.9306,23.5094,1.1796,19.1144,32.1078,1.3657,0.959,,,,,,,,,,,,
suite106,big05-b8l256,bytes.emb.512|gru.512-rmsnorm,8,256,,big,32.745,32.9267,1.0055,32.8936,47.567,1.4446,1.0045,,,,,,,,,,,,
suite106,big06-b32l128,bytes.emb.512|conv.4-gru.512,32,128,,big,19.738,19.6348,0.9948,19.2628,33.5472,1.7086,0.9759,,,,,,,,,,,,
suite106,big06-b8l256,bytes.emb.512|conv.4-gru.512,8,256,,big,32.9231,33.055,1.004,33.0734,48.4778,1.4666,1.0046,,,,,,,,,,,,
suite106,big07-b32l128,bytes.emb.512|dense.512.gelu-gru.512,32,128,,big,22.3782,19.5378,0.8731,20.2078,33.9393,1.7371,0.903,,,,,,,,,,,,
suite106,big07-b8l256,bytes.emb.512|dense.512.gelu-gru.512,8,256,,big,33.3538,33.2362,0.9965,33.9473,48.2401,1.4514,1.0178,,,,,,,,,,,,
suite106,big08-b32l128,bytes.emb.512|lstm.512,32,128,,big,27.213,27.3041,1.0033,27.4643,32.3782,1.1858,1.0092,,,,,,,,,,,,
suite106,big08-b8l256,bytes.emb.512|lstm.512,8,256,,big,43.2866,42.9667,0.9926,43.5694,52.1344,1.2134,1.0065,,,,,,,,,,,,
suite106,big09-b32l128,bytes.emb.1024|rnn.1024.tanh,32,128,,big,23.6028,21.745,0.9213,22.5803,21.0588,0.9684,0.9567,,,,,,,,,,,,
suite106,big09-b8l256,bytes.emb.1024|rnn.1024.tanh,8,256,,big,38.392,38.4168,1.0006,38.5916,26.0683,0.6786,1.0052,,,,,,,,,,,,
suite106,big10-b32l128,bits.4.oh+bp|gru.1024,32,128,,big,64.0164,56.748,0.8865,57.7736,57.1224,1.0066,0.9025,,,,,,,,,,,,
suite106,big10-b8l256,bits.4.oh+bp|gru.1024,8,256,,big,73.3778,73.63,1.0034,73.5109,73.1884,0.994,1.0018,,,,,,,,,,,,
suite106,big11-b32l128,bytes.emb.512|gru.512-gru.512,32,128,,big,42.444,37.3137,0.8791,37.7104,63.5401,1.7029,0.8885,,,,,,,,,,,,
suite106,big11-b8l256,bytes.emb.512|gru.512-gru.512,8,256,,big,65.021,65.2085,1.0029,65.1003,97.4597,1.4946,1.0012,,,,,,,,,,,,
suite106,big12-b32l128,bytes.emb.1024|msr.256.4,32,128,,big,9.8378,9.7627,0.9924,9.7729,9.8155,1.0054,0.9934,,,,,,,,,,,,
suite106,big12-b8l256,bytes.emb.1024|msr.256.4,8,256,,big,5.636,5.6395,1.0006,5.4611,5.2405,0.9292,0.969,,,,,,,,,,,,
suite106,big13-b32l128,bytes|lstm.1024,32,128,,big,73.2597,66.9071,0.9133,69.806,65.7604,0.9829,0.9529,,,,,,,,,,,,
suite106,big13-b8l256,bytes|lstm.1024,8,256,,big,98.1235,96.8069,0.9866,95.4734,85.4307,0.8825,0.973,,,,,,,,,,,,
suite106,big14-b32l128,"bytes.emb.512|split.add(rmsnorm-attn.512.8.64, pass)-split.add(rmsnorm-dense.2048.gelu-dense.512, pass)-split.add(rmsnorm-attn.512.8.64, pass)-split.add(rmsnorm-dense.2048.gelu-dense.512, pass)",32,128,,big,22.0374,24.6866,1.1202,21.8899,17.9116,0.7256,0.9933,,,,,,,,,,,,
suite106,big14-b8l256,"bytes.emb.512|split.add(rmsnorm-attn.512.8.64, pass)-split.add(rmsnorm-dense.2048.gelu-dense.512, pass)-split.add(rmsnorm-attn.512.8.64, pass)-split.add(rmsnorm-dense.2048.gelu-dense.512, pass)",8,256,,big,11.9385,12.0707,1.0111,11.9661,10.6065,0.8787,1.0023,,,,,,,,,,,,
suite106,big15-b32l128,bytes.emb.1024|gru.1024,32,128,,big,75.9495,73.3671,0.966,76.4536,74.7011,1.0182,1.0066,,,,,,,,,,,,
suite106,big15-b8l256,bytes.emb.1024|gru.1024,8,256,,big,79.6045,96.608,1.2136,79.5486,78.8766,0.8165,0.9993,,,,,,,,,,,,
suite106,big16-b32l128,bytes.emb.1024|lstm.1024,32,128,,big,66.7167,75.7549,1.1355,65.9784,61.4425,0.8111,0.9889,,,,,,,,,,,,
suite106,big16-b8l256,bytes.emb.1024|lstm.1024,8,256,,big,95.355,118.2796,1.2404,92.3184,85.8263,0.7256,0.9682,,,,,,,,,,,,
suite106,db00-b16l128,bits.1+bp|,16,128,,db,0.1443,0.2673,1.8524,0.149,0.1547,0.5788,1.0326,,,,,,,,,,,,
suite106,db00-b64l256,bits.1+bp|,64,256,,db,0.21,0.2161,1.029,0.2109,0.2139,0.9898,1.0043,,,,,,,,,,,,
suite106,db01-b256l512,bits.1+bp|dense.1.tanh-suffix.4,256,512,,db,1.3393,1.3322,0.9947,1.3481,1.3485,1.0122,1.0066,,,,,,,,,,,,
suite106,db01-b64l256,bits.1+bp|dense.1.tanh-suffix.4,64,256,,db,0.2371,0.2553,1.0768,0.2426,0.2456,0.962,1.0232,,,,,,,,,,,,
suite106,db02-b256l512,"bits.1+bp|split.cat(rnn.1.tanh, pass)-norm-dense.1.tanh-suffix.2",256,512,,db,3.4439,3.5026,1.017,3.4999,44.1279,12.5986,1.0163,,,,,,,,,,,,
suite106,db02-b4l1024,"bits.1+bp|split.cat(rnn.1.tanh, pass)-norm-dense.1.tanh-suffix.2",4,1024,,db,0.7928,0.793,1.0003,0.7904,72.7256,91.7095,0.997,,,,,,,,,,,,
suite106,db03-b128l128,"bits.1+bp|split.cat(mingru.1, pass)-norm-latent.2.2-suffix.2-dense.1.tanh",128,128,,db,1.1684,1.1614,0.994,1.1581,12.5875,10.8382,0.9912,,,,,,,,,,,,
suite106,db03-b4l1024,"bits.1+bp|split.cat(mingru.1, pass)-norm-latent.2.2-suffix.2-dense.1.tanh",4,1024,,db,0.8181,0.8194,1.0016,0.8175,74.0874,90.4166,0.9993,,,,,,,,,,,,
suite106,db04-b128l128,"tokens.32.fold.emb.1|split.add(dense.1.tanh, pass)",128,128,,db,0.2989,0.4035,1.3499,0.2999,0.3,0.7435,1.0033,,,,,,,,,,,,
suite106,db04-b16l128,"tokens.32.fold.emb.1|split.add(dense.1.tanh, pass)",16,128,,db,0.2239,0.2392,1.0683,0.2241,0.2304,0.9632,1.0009,,,,,,,,,,,,
suite106,db05-b16l128,bits.1+bp|mgru.4-dense.4.gelu-norm,16,128,,db,0.7124,0.7135,1.0015,0.7097,20.2438,28.3725,0.9962,,,,,,,,,,,,
suite106,db05-b64l256,bits.1+bp|mgru.4-dense.4.gelu-norm,64,256,,db,1.4443,1.4313,0.991,1.4396,37.2147,26.0006,0.9967,,,,,,,,,,,,
suite106,db06-b256l512,"bits.4.emb.4|rglru.2-norm-conv.4-split.mul(pass, dense.4)",256,512,,db,10.9753,11.3104,1.0305,11.0978,50.8999,4.5003,1.0112,,,,,,,,,,,,
suite106,db06-b64l256,"bits.4.emb.4|rglru.2-norm-conv.4-split.mul(pass, dense.4)",64,256,,db,1.4621,1.4536,0.9942,1.4554,21.1954,14.5813,0.9954,,,,,,,,,,,,
suite106,db07-b256l512,"tokens.32.fold.emb.4|split.add(lrnn.4.4, pass)",256,512,,db,16.0812,18.1345,1.1277,16.1197,307.9529,16.9816,1.0024,,,,,,,,,,,,
suite106,db07-b4l1024,"tokens.32.fold.emb.4|split.add(lrnn.4.4, pass)",4,1024,,db,24.243,24.2369,0.9997,24.2909,569.4445,23.4949,1.002,,,,,,,,,,,,
suite106,db08-b128l128,tokens.32.fold.oh|lrnn.4.4,128,128,,db,3.6722,3.6806,1.0023,3.6816,78.571,21.3473,1.0026,,,,,,,,,,,,
suite106,db08-b4l1024,tokens.32.fold.oh|lrnn.4.4,4,1024,,db,24.3209,30.254,1.244,24.3357,580.927,19.2017,1.0006,,,,,,,,,,,,
suite106,db09-b128l128,tokens.32.fold.emb.8|mingru.4-latent.8.2,128,128,,db,1.4031,1.4028,0.9998,1.4126,12.4419,8.8693,1.0068,,,,,,,,,,,,
suite106,db09-b16l128,tokens.32.fold.emb.8|mingru.4-latent.8.2,16,128,,db,0.3871,0.4179,1.0796,0.4011,12.1746,29.1328,1.0362,,,,,,,,,,,,
suite106,db10-b16l128,bits.4.oh+bp|lrnn.8.2-suffix.2-dense.8.gelu,16,128,,db,3.5158,3.5149,0.9997,3.5286,47.1546,13.4156,1.0036,,,,,,,,,,,,
suite106,db10-b64l256,bits.4.oh+bp|lrnn.8.2-suffix.2-dense.8.gelu,64,256,,db,7.4204,7.4533,1.0044,7.4411,91.0981,12.2225,1.0028,,,,,,,,,,,,
suite106,db11-b256l512,bits.4.oh+bp|rnn.16.gelu-dense.8.gelu-rmsnorm,256,512,,db,2.179,2.8485,1.3073,2.1902,63.2361,22.1998,1.0051,,,,,,,,,,,,
suite106,db11-b64l256,bits.4.oh+bp|rnn.16.gelu-dense.8.gelu-rmsnorm,64,256,,db,0.6351,0.6433,1.0129,0.6466,30.1933,46.935,1.0181,,,,,,,,,,,,
suite106,db12-b256l512,"bits.4.oh+bp|rnn.16.gelu-split.add(lrnn.16.4, pass)",256,512,,db,101.054,103.1619,1.0209,101.0338,384.5846,3.728,0.9998,,,,,,,,,,,,
suite106,db12-b4l1024,"bits.4.oh+bp|rnn.16.gelu-split.add(lrnn.16.4, pass)",4,1024,,db,135.927,137.2352,1.0096,135.4669,705.4293,5.1403,0.9966,,,,,,,,,,,,
suite106,db13-b128l128,"bits.4.oh+bp|split.mul(dense.4.tanh, dense.4)-rnn.32.gelu-dense.16.gelu-norm",128,128,,db,0.6443,0.6466,1.0036,0.6458,18.5227,28.6463,1.0023,,,,,,,,,,,,
suite106,db13-b4l1024,"bits.4.oh+bp|split.mul(dense.4.tanh, dense.4)-rnn.32.gelu-dense.16.gelu-norm",4,1024,,db,1.8785,1.872,0.9965,1.8766,109.5298,58.5095,0.999,,,,,,,,,,,,
suite106,db14-b128l128,bits.4.oh+bp|rnn.32.gelu-rnn.16.gelu-rmsnorm,128,128,,db,0.7359,0.7277,0.9889,0.7373,34.1132,46.8781,1.0019,,,,,,,,,,,,
suite106,db14-b16l128,bits.4.oh+bp|rnn.32.gelu-rnn.16.gelu-rmsnorm,16,128,,db,0.5606,0.5644,1.0068,0.5634,32.3457,57.3099,1.005,,,,,,,,,,,,
suite106,db15-b16l128,"bits.4.oh+bp|suffix.2-rnn.32.gelu-rnn.16.gelu-split.add(suffix.2-dense.16.gelu, pass)-dense.32.gelu",16,128,,db,0.6196,0.6305,1.0176,0.6268,33.3558,52.9037,1.0116,,,,,,,,,,,,
suite106,db15-b64l256,"bits.4.oh+bp|suffix.2-rnn.32.gelu-rnn.16.gelu-split.add(suffix.2-dense.16.gelu, pass)-dense.32.gelu",64,256,,db,1.2892,1.264,0.9805,1.2851,61.0664,48.312,0.9968,,,,,,,,,,,,
suite106,db16-b256l512,bits.4.oh+bp|mgru.32-dense.64.gelu,256,512,,db,4.4782,8.2548,1.8433,4.5148,91.0739,11.0328,1.0082,,,,,,,,,,,,
suite106,db16-b64l256,bits.4.oh+bp|mgru.32-dense.64.gelu,64,256,,db,1.0787,1.0622,0.9847,1.0793,39.0193,36.7344,1.0006,,,,,,,,,,,,
suite106,db17-b256l512,"bits.4.oh+bp|gru.16-mgru.32-split.cat(dense.64.gelu, pass)",256,512,,db,7.2848,12.0759,1.6577,7.3586,182.7513,15.1336,1.0101,,,,,,,,,,,,
suite106,db17-b4l1024,"bits.4.oh+bp|gru.16-mgru.32-split.cat(dense.64.gelu, pass)",4,1024,,db,5.696,5.6597,0.9936,5.7466,305.708,54.0149,1.0089,,,,,,,,,,,,
suite106,db18-b128l128,bits.4.oh+bp|mullstm.32-dense.128.gelu,128,128,,db,1.5925,1.5809,0.9927,1.5963,34.5967,21.8842,1.0024,,,,,,,,,,,,
suite106,db18-b4l1024,bits.4.oh+bp|mullstm.32-dense.128.gelu,4,1024,,db,7.2254,7.1781,0.9935,7.2324,228.9846,31.9004,1.001,,,,,,,,,,,,
suite106,db19-b128l128,bits.4.oh+bp|gru.64-dense.64.gelu-dense.16.gelu-norm,128,128,,db,1.6672,1.6425,0.9852,1.6713,25.7166,15.657,1.0025,,,,,,,,,,,,
suite106,db19-b16l128,bits.4.oh+bp|gru.64-dense.64.gelu-dense.16.gelu-norm,16,128,,db,1.163,1.1602,0.9976,1.1653,23.8523,20.5588,1.002,,,,,,,,,,,,
suite106,mid00-b16l256,bits.4.oh+bp|gru.128,16,256,,mid,4.622,4.5882,0.9927,4.671,44.4262,9.6827,1.0106,,,,,,,,,,,,
suite106,mid00-b64l128,bits.4.oh+bp|gru.128,64,128,,mid,2.6642,2.6474,0.9937,2.6825,24.9491,9.424,1.0069,,,,,,,,,,,,
suite106,mid01-b16l256,"bytes.emb.64|split.add(rmsnorm-attn.64.4.16, pass)-split.add(rmsnorm-dense.256.gelu-dense.64, pass)",16,256,,mid,1.6116,1.6187,1.0044,1.618,1.619,1.0002,1.004,,,,,,,,,,,,
suite106,mid01-b64l128,"bytes.emb.64|split.add(rmsnorm-attn.64.4.16, pass)-split.add(rmsnorm-dense.256.gelu-dense.64, pass)",64,128,,mid,2.0113,2.0235,1.0061,2.0166,2.0169,0.9967,1.0026,,,,,,,,,,,,
suite106,mid02-b16l256,bytes.emb.128|rnn.128.tanh,16,256,,mid,1.3292,1.3206,0.9935,1.344,21.5342,16.3064,1.0111,,,,,,,,,,,,
suite106,mid02-b64l128,bytes.emb.128|rnn.128.tanh,64,128,,mid,1.141,1.125,0.986,1.1385,12.5515,11.1569,0.9978,,,,,,,,,,,,
suite106,mid03-b16l256,bits.4.oh+bp|lstm.128,16,256,,mid,7.3017,7.2836,0.9975,7.3597,48.5644,6.6676,1.0079,,,,,,,,,,,,
suite106,mid03-b64l128,bits.4.oh+bp|lstm.128,64,128,,mid,3.9924,3.9808,0.9971,4.0156,26.9769,6.7768,1.0058,,,,,,,,,,,,
suite106,mid04-b16l256,bytes.emb.128|gru.128,16,256,,mid,4.8957,4.8621,0.9931,4.9391,45.1104,9.278,1.0089,,,,,,,,,,,,
suite106,mid04-b64l128,bytes.emb.128|gru.128,64,128,,mid,3.1208,3.1002,0.9934,3.1366,25.5923,8.255,1.0051,,,,,,,,,,,,
suite106,mid05-b16l256,bytes.emb.256|attn.256.4.64,16,256,,mid,1.9435,1.9462,1.0014,1.9435,1.9375,0.9955,1.0,,,,,,,,,,,,
suite106,mid05-b64l128,bytes.emb.256|attn.256.4.64,64,128,,mid,2.6271,2.638,1.0041,2.6337,2.6411,1.0012,1.0025,,,,,,,,,,,,
suite106,mid06-b16l256,bytes.emb.128|gru.128-gru.128,16,256,,mid,9.4927,9.4502,0.9955,9.5584,89.5431,9.4753,1.0069,,,,,,,,,,,,
suite106,mid06-b64l128,bytes.emb.128|gru.128-gru.128,64,128,,mid,5.8901,5.8558,0.9942,5.9235,50.9589,8.7023,1.0057,,,,,,,,,,,,
suite106,mid07-b16l256,bytes.emb.256|msr.64.4,16,256,,mid,1.6829,1.7033,1.0121,1.6909,1.647,0.9669,1.0048,,,,,,,,,,,,
suite106,mid07-b64l128,bytes.emb.256|msr.64.4,64,128,,mid,2.944,2.9625,1.0063,2.9573,2.9895,1.0091,1.0045,,,,,,,,,,,,
suite106,mid08-b16l256,bytes.emb.256|mgru.256,16,256,,mid,7.0516,7.0215,0.9957,7.1069,42.2266,6.0139,1.0078,,,,,,,,,,,,
suite106,mid08-b64l128,bytes.emb.256|mgru.256,64,128,,mid,4.7522,4.6991,0.9888,4.7345,24.3567,5.1833,0.9963,,,,,,,,,,,,
suite106,mid09-b16l256,bytes.emb.256|gru.256,16,256,,mid,12.7085,12.6999,0.9993,12.7791,46.7905,3.6843,1.0056,,,,,,,,,,,,
suite106,mid09-b64l128,bytes.emb.256|gru.256,64,128,,mid,8.1724,8.0382,0.9836,8.158,27.5147,3.423,0.9982,,,,,,,,,,,,
suite106,mid10-b16l256,"bytes.emb.256|split.add(gru.256, pass)",16,256,,mid,12.7527,12.6912,0.9952,12.8272,46.9423,3.6988,1.0058,,,,,,,,,,,,
suite106,mid10-b64l128,"bytes.emb.256|split.add(gru.256, pass)",64,128,,mid,8.1723,8.033,0.983,8.1663,27.6508,3.4422,0.9993,,,,,,,,,,,,
suite106,mid11-b16l256,bytes.emb.256|conv.4-gru.256,16,256,,mid,12.9874,12.9929,1.0004,13.0636,47.5888,3.6627,1.0059,,,,,,,,,,,,
suite106,mid11-b64l128,bytes.emb.256|conv.4-gru.256,64,128,,mid,9.0959,8.5012,0.9346,8.6253,28.8651,3.3954,0.9483,,,,,,,,,,,,
suite106,mid12-b16l256,bytes.emb.256|lstm.256,16,256,,mid,17.2703,17.5422,1.0157,17.3441,50.5099,2.8793,1.0043,,,,,,,,,,,,
suite106,mid12-b64l128,bytes.emb.256|lstm.256,64,128,,mid,11.4778,11.3001,0.9845,10.7192,29.8647,2.6429,0.9339,,,,,,,,,,,,
suite106,mid13-b16l256,bytes.emb.512|attn.512.8.64,16,256,,mid,4.2641,4.0683,0.9541,4.1882,4.1023,1.0084,0.9822,,,,,,,,,,,,
suite106,mid13-b64l128,bytes.emb.512|attn.512.8.64,64,128,,mid,6.8358,6.2126,0.9088,6.7847,6.2666,1.0087,0.9925,,,,,,,,,,,,
suite106,mid14-b16l256,bytes.emb.512|lrnn.512.2,16,256,,mid,112.2501,103.2889,0.9202,99.5836,99.4008,0.9624,0.8872,,,,,,,,,,,,
suite106,mid14-b64l128,bytes.emb.512|lrnn.512.2,64,128,,mid,53.5649,52.7747,0.9852,55.8211,56.1513,1.064,1.0421,,,,,,,,,,,,
suite106,synth-matlstm-a,tokens.32.shift.emb.8|lrnn.8.4-matlstm.8,64,32,,synth,15.6703,15.2204,0.9713,16.4427,37.9021,2.4902,1.0493,,,,,,,,,,,,
suite106,synth-matlstm-b,bits.4.oh+bp|matlstm.32-dense.32.gelu,32,128,,synth,52.4815,52.1683,0.994,53.5421,53.7382,1.0301,1.0202,,,,,,,,,,,,
topconfs,tc000-w5,bits.1+bp|,64,64,5,0-100,0.1735,,,0.169,0.1659,,0.9741,0.1561,0.156,0.1659,1.0628,0.0995,0.0933,0.9377,ok,False,,,
topconfs,tc001-w7,bits.1+bp|dense.1.gelu,2,32768,7,0-100,0.6488,,,0.6512,0.6484,,1.0037,0.6411,0.6266,0.6312,0.9846,0.4749,0.4593,0.9672,ok,False,,,
topconfs,tc002-w8,bits.1+bp|dense.1.tanh-suffix.2,16,64,8,0-100,0.2333,,,0.2187,0.2221,,0.9374,0.2019,0.2031,0.2126,1.053,0.0365,0.0366,1.0027,ok,False,,,
topconfs,tc003-w10,bits.1+bp|dense.1.tanh-suffix.4,2,512,10,0-100,0.2345,,,0.2233,0.2257,,0.9522,0.2097,0.2106,0.2499,1.1917,0.0113,0.0117,1.0354,ok,False,,,
topconfs,tc004-w11,bits.1+bp|rnn.1.tanh-suffix.4,1,512,11,0-100,0.347,,,0.3484,36.7458,,1.004,0.3407,0.3398,0.3471,1.0188,0.0206,0.0179,0.8689,ok,False,,,
topconfs,tc005-w12,bits.1+bp|dense.1.tanh-suffix.4-dense.1.tanh,4,2048,12,0-100,0.2662,,,0.2704,0.2774,,1.0158,0.2589,0.2639,0.31,1.1974,0.1128,0.1138,1.0089,ok,False,,,
topconfs,tc006-w13,bits.1+bp|rnn.1.tanh-suffix.4-dense.1.tanh,16,256,13,0-100,0.3472,,,0.3511,19.8643,,1.0112,0.3361,0.3367,0.3757,1.1178,0.0847,0.0833,0.9835,ok,False,,,
topconfs,tc007-w14,bits.1+bp|mgru.1,1024,64,14,0-100,0.3181,,,0.3339,9.6278,,1.0497,0.3069,0.3298,0.3636,1.1848,0.7585,0.7504,0.9893,ok,True,,,
topconfs,tc008-w15,"bits.1+bp|split.cat(rnn.1.tanh, pass)-norm-dense.1.tanh-suffix.2",8,512,15,0-100,0.5095,,,0.5202,37.37,,1.021,0.5009,0.5042,0.4823,0.9629,0.1138,0.112,0.9842,ok,False,,,
topconfs,tc009-w16,"bits.1+bp|split.add(split.add(split.add(rnn.1.gelu, pass)-norm, pass), pass)-norm-dense.1.tanh-split.add(suffix.2-dense.1.tanh, pass)",4,1024,16,0-100,1.0232,,,1.0363,106.3492,,1.0128,1.0286,1.0267,1.0313,1.0026,0.1638,0.1569,0.9579,ok,False,,,
topconfs,tc010-w17,"bits.1+bp|split.cat(rnn.1.tanh, pass)-norm-dense.1.tanh-split.add(suffix.2-dense.1.tanh, pass)",16,512,17,0-100,0.6369,,,0.6372,37.6057,,1.0005,0.6344,0.6367,0.6083,0.9589,0.2455,0.2413,0.9829,ok,False,,,
topconfs,tc011-w18,"bits.1+bp|split.add(mingru.1, pass)-norm-dense.1.tanh-suffix.2",4,256,18,0-100,0.3345,,,0.3369,19.985,,1.0072,0.3258,0.3339,0.3845,1.1802,0.0333,0.0312,0.9369,ok,False,,,
topconfs,tc012-w20,"bits.1+bp|split.add(mingru.1, pass)-norm-dense.1.tanh-split.add(suffix.2-dense.1.tanh, pass)",32,512,20,0-100,0.5767,,,0.5824,38.6552,,1.0099,0.5765,0.5765,0.5652,0.9804,0.4955,0.4852,0.9792,ok,False,,,
topconfs,tc013-w22,"bits.1+bp|split.add(mingru.1, pass)-norm-dense.1.tanh-split.add(suffix.4-dense.1.tanh, pass)",1,1024,22,0-100,0.5102,,,0.5183,72.7678,,1.0159,0.5199,0.5212,0.5251,1.01,0.0397,0.0365,0.9194,ok,False,,,
topconfs,tc014-w23,"bits.1+bp|split.add(mingru.1, pass)-norm-dense.1.tanh-split.cat(suffix.4-dense.1.tanh, pass)",1,2048,23,0-100,0.866,,,0.8681,143.4042,,1.0024,0.8705,0.8715,0.8749,1.0051,0.0778,0.0756,0.9717,ok,False,,,
topconfs,tc015-w24,"bits.1+bp|split.add(mingru.1, pass)-norm-dense.1.tanh-suffix.2-dense.2.tanh",1,2048,24,0-100,0.8777,,,0.8856,141.7054,,1.009,0.8862,0.885,0.8845,0.9981,0.1205,0.1187,0.9851,ok,False,,,
topconfs,tc016-w25,"bits.1+bp|split.add(mingru.1, pass)-norm-split.mul(dense.1.tanh, dense.1)-split.add(suffix.2-dense.1.tanh, pass)",2,512,25,0-100,0.4395,,,0.4552,37.6433,,1.0357,0.4467,0.4564,0.5145,1.1518,0.0402,0.0384,0.9552,ok,False,,,
topconfs,tc017-w26,"bits.1+bp|split.add(mingru.1, pass)-norm-split.mul(dense.1, dense.1)-split.cat(suffix.2-dense.1.tanh, pass)",2,512,26,0-100,0.4438,,,0.4582,37.5577,,1.0324,0.4492,0.4591,0.5176,1.1523,0.0405,0.0389,0.9605,ok,False,,,
topconfs,tc018-w27,"bits.1+bp|split.add(mingru.1, pass)-norm-dense.2.tanh-suffix.2-dense.1.tanh",1,4096,27,0-100,1.577,,,1.5851,276.9712,,1.0051,1.585,1.5925,1.5892,1.0026,0.1842,0.1804,0.9794,ok,False,,,
topconfs,tc019-w28,"bits.1+bp|split.add(mingru.1, pass)-norm-dense.2.tanh-norm-split.add(suffix.2-dense.1.tanh, pass)",1,2048,28,0-100,0.9058,,,0.9083,142.106,,1.0028,0.8991,0.9054,0.91,1.0121,0.1081,0.1072,0.9917,ok,False,,,
topconfs,tc020-w29,"bits.1+bp|split.add(mingru.1, pass)-norm-latent.2.2-suffix.2",1,2048,29,0-100,0.9696,,,0.974,143.3678,,1.0045,0.9706,0.9717,0.977,1.0066,0.2121,0.2086,0.9835,ok,False,,,
topconfs,tc021-w31,"bits.1+bp|split.add(mingru.1, pass)-norm-latent.2.2-suffix.2-dense.1.tanh",4,2048,31,0-100,1.4197,,,1.4276,142.5215,,1.0056,1.4278,1.4199,1.4456,1.0125,0.7229,0.7051,0.9754,ok,False,,,
topconfs,tc022-w32,"bits.1+bp|split.add(mingru.1, pass)-norm-latent.2.2-suffix.2-rnn.1.tanh",4,512,32,0-100,0.8205,,,0.8195,74.506,,0.9988,0.8172,0.822,0.8239,1.0082,0.2131,0.215,1.0089,ok,False,,,
topconfs,tc023-w34,"bits.1+bp|split.add(mingru.1, pass)-norm-latent.2.2-suffix.2-split.add(dense.1.tanh, pass)-norm",2,1024,34,0-100,0.7329,,,0.7328,73.79,,0.9999,0.7274,0.7323,0.7285,1.0015,0.218,0.2237,1.0261,ok,False,,,
topconfs,tc024-w35,"bits.1+bp|split.add(mingru.1, pass)-norm-latent.2.2-split.add(suffix.2-split.cat(dense.1.tanh, pass), pass)-norm",4,1024,35,0-100,0.8558,,,0.8531,73.3689,,0.9968,0.8648,0.8542,0.8608,0.9954,0.4347,0.4259,0.9798,ok,False,,,
topconfs,tc025-w40,"bits.1+bp|split.add(mingru.1, pass)-norm-latent.2.2-split.cat(suffix.2-dense.1.tanh, pass)-norm-suffix.2-dense.1.tanh-dense.1.tanh",1,1024,40,0-100,0.6278,,,0.6261,73.4506,,0.9973,0.6543,0.6597,0.7048,1.0772,0.1162,0.1166,1.0034,ok,False,,,
topconfs,tc026-w41,"bits.1+bp|split.add(mingru.1, pass)-norm-latent.2.2-suffix.2-split.add(dense.2.tanh, pass)-norm-dense.1.tanh",2,1024,41,0-100,0.7709,,,0.7594,74.266,,0.9851,0.7627,0.7689,0.7632,1.0007,0.2484,0.2518,1.0137,ok,False,,,
topconfs,tc027-w42,"bits.1+bp|split.add(mingru.1, pass)-norm-latent.2.2-split.cat(suffix.4-dense.1.tanh, pass)-norm-suffix.2-dense.1.tanh",1,2048,42,0-100,1.0278,,,1.0325,144.6835,,1.0046,1.0283,1.0275,1.0401,1.0115,0.2392,0.2372,0.9916,ok,False,,,
topconfs,tc028-w44,"bits.1+bp|split.add(mingru.1, pass)-norm-latent.2.2-split.cat(suffix.2-dense.1.tanh, pass)-norm-suffix.2-split.cat(dense.1.tanh, pass)",1,2048,44,0-100,1.0305,,,1.0263,144.0177,,0.9959,1.0384,1.04,1.0427,1.0041,0.2542,0.2574,1.0126,ok,False,,,
topconfs,tc029-w47,"bits.1+bp|split.add(mingru.1-rglru.1, pass)-norm-latent.2.2-split.cat(suffix.4-dense.1.tanh, pass)-norm-suffix.2-dense.1.tanh",1,2048,47,0-100,1.6582,,,1.6766,259.4645,,1.0111,1.8777,1.8841,1.8899,1.0065,0.2684,0.2654,0.9888,ok,False,,,
topconfs,tc030-w49,"bits.1+bp|split.add(mingru.1, pass)-norm-latent.2.2-split.cat(suffix.4-rnn.1.tanh, pass)-norm-split.cat(suffix.2-dense.1.tanh, pass)-norm-rnn.1.tanh",2,1024,49,0-100,2.0298,,,2.0406,214.8748,,1.0053,2.0109,2.0012,2.0134,1.0012,0.2978,0.2933,0.9849,ok,False,,,
topconfs,tc031-w52,"bits.1+bp|split.add(mingru.1, pass)-norm-split.mul(latent.2.2, dense.2)-split.cat(suffix.4-dense.1.gelu, pass)-norm-suffix.2-dense.1.tanh",1,2048,52,0-100,1.0634,,,1.061,145.3235,,0.9977,1.0931,1.0978,1.105,1.0109,0.2645,0.2703,1.0219,ok,False,,,
topconfs,tc032-w55,"bits.1+bp|rnn.4.tanh-split.add(mingru.1, pass)-norm-suffix.2",2,512,55,0-100,1.2997,,,1.3081,72.478,,1.0065,1.3068,1.3061,1.3221,1.0117,0.0677,0.0687,1.0148,ok,False,,,
topconfs,tc033-w57,"bits.1+bp|rnn.4.tanh-split.cat(mingru.1, pass)-norm-suffix.2",4,1024,57,0-100,2.4304,,,2.4393,141.275,,1.0037,2.4186,2.4651,2.4386,1.0083,0.775,0.7607,0.9815,ok,False,,,
topconfs,tc034-w59,"bits.1+bp|rnn.4.tanh-split.cat(mgru.1, pass)-norm-suffix.2",4,1024,59,0-100,3.164,,,3.1788,209.9341,,1.0047,3.1603,3.1693,3.1678,1.0024,0.8123,0.795,0.9787,ok,False,,,
topconfs,tc035-w65,"bits.1+bp|rnn.4.tanh-split.cat(gru.1, pass)-suffix.2",4,1024,65,0-100,3.5639,,,3.5996,226.2939,,1.01,3.5821,3.5896,3.5819,0.9999,0.801,0.7867,0.9821,ok,False,,,
topconfs,tc036-w69,"bits.1+bp|rnn.4.tanh-split.cat(mingru.2, pass)-norm-suffix.2",4,1024,69,0-100,2.4589,,,2.4762,141.9772,,1.007,2.4529,2.4814,2.4635,1.0043,0.763,0.7473,0.9794,ok,False,,,
topconfs,tc037-w73,"bits.1+bp|rnn.4.tanh-norm-suffix.2-split.cat(mingru.1, pass)-norm-suffix.2",2,1024,73,0-100,2.4186,,,2.4209,141.4851,,1.001,2.4215,2.4446,2.4424,1.0086,0.1578,0.1603,1.0158,ok,False,,,
topconfs,tc038-w75,"bits.1+bp|rnn.4.tanh-split.cat(mingru.2-split.mul(pass, dense.2), pass)-norm-suffix.2",4,1024,75,0-100,2.5062,,,2.5293,141.8068,,1.0092,2.5003,2.5203,2.5106,1.0041,0.8367,0.8237,0.9845,ok,False,,,
topconfs,tc039-w77,bits.1+bp|mgru.4,32,512,77,0-100,2.3922,,,2.3958,70.6321,,1.0015,2.374,2.4053,2.3931,1.008,1.3108,1.2842,0.9797,ok,False,,,
topconfs,tc040-w79,"bits.1+bp|rnn.4.tanh-norm-split.add(split.add(mingru.2-split.mul(pass, dense.2.tanh), pass), pass)-norm-suffix.4",4,1024,79,0-100,2.5368,,,2.5553,143.0947,,1.0073,2.5479,2.5645,2.5552,1.0029,0.8889,0.8774,0.9871,ok,False,,,
topconfs,tc041-w80,bits.1+bp|mgru.4-norm-rnn.1.tanh,4,512,80,0-100,2.4787,,,2.4757,106.5309,,0.9988,2.4709,2.4957,2.4828,1.0048,0.7227,0.7135,0.9873,ok,False,,,
topconfs,tc042-w84,"bits.1+bp|split.add(mgru.2, pass)-mingru.4-norm-split.cat(suffix.2-rnn.1.tanh, pass)",1,2048,84,0-100,6.6316,,,6.6418,560.2264,,1.0015,6.658,6.6823,6.8687,1.0316,0.29,0.2874,0.991,ok,False,,,
topconfs,tc043-w85,bits.1+bp|rnn.4.tanh-mingru.4-norm-suffix.2,1,2048,85,0-100,5.5043,,,5.5077,279.2947,,1.0006,5.4911,5.5737,5.516,1.0045,0.1754,0.1725,0.9835,ok,False,,,
topconfs,tc044-w87,bits.1+bp|rnn.4.tanh-mingru.4-norm-suffix.2-dense.1.tanh,1,2048,87,0-100,5.5437,,,5.4963,279.2477,,0.9914,5.5581,5.5717,5.5178,0.9927,0.1797,0.1738,0.9672,ok,False,,,
topconfs,tc045-w93,"bits.1+bp|split.mul(rnn.4.tanh, dense.4)-norm-split.add(mingru.2, pass)-norm-suffix.4",4,1024,93,0-100,,,,2.524,142.1561,,,2.5124,2.535,2.5341,1.0086,0.8315,0.8112,0.9756,ok,False,,,
topconfs,tc046-w97,bits.1+bp|mgru.4-dense.4.gelu-norm,32,512,97,0-100,,,,2.4799,70.8043,,,2.4782,2.4777,2.4953,1.0069,1.5641,1.5243,0.9746,ok,False,,,
topconfs,tc047-w101,"bits.1+bp|mgru.4-split.cat(dense.4.gelu, pass)-norm",32,512,101,100-500,,,,2.5249,71.3768,,,2.5025,2.5145,2.4974,0.998,1.5429,1.5025,0.9738,ok,False,,,
topconfs,tc048-w105,"bits.4.emb.4|rglru.4-norm-split.add(norm, pass)-conv.2",2,256,105,100-500,,,,0.5795,16.8089,,,0.5809,0.6014,0.6559,1.1291,0.0575,0.0567,0.9861,ok,False,,,
topconfs,tc049-w113,bits.4.emb.4|rglru.2-norm-conv.2,4,256,113,100-500,,,,0.5534,16.575,,,0.5452,0.5589,0.6147,1.1275,0.1523,0.1512,0.9928,ok,False,,,
topconfs,tc050-w117,"bits.4.emb.4|rglru.2-split.add(rmsnorm, pass)-conv.2",4,256,117,100-500,,,,0.5872,17.2096,,,0.5924,0.6081,0.6553,1.1062,0.1564,0.1548,0.9898,ok,False,,,
topconfs,tc051-w121,"bits.4.emb.4|split.add(split.add(split.add(mingru.4-rmsnorm, pass), pass), pass)-rmsnorm",2,256,121,100-500,,,,0.4202,20.0736,,,0.4136,0.4219,0.4682,1.132,0.0476,0.047,0.9874,ok,False,,,
topconfs,tc052-w124,"bits.1+bp|rnn.8.tanh-split.cat(rnn.1.tanh, pass)",8,512,124,100-500,,,,1.0022,73.5674,,,0.9831,0.9835,0.9796,0.9964,0.5296,0.5204,0.9826,ok,False,,,
topconfs,tc053-w125,"bits.4.emb.4|split.add(split.add(conv.2-norm, pass)-norm, pass)-norm-split.add(split.add(norm, pass), pass)-mingru.4",1,256,125,100-500,,,,0.4667,20.2464,,,0.4698,0.4698,0.528,1.1239,0.0321,0.0317,0.9875,ok,False,,,
topconfs,tc054-w129,bits.4.emb.4|rglru.1-norm-conv.2,4,128,129,100-500,,,,0.5517,9.2683,,,0.5491,0.555,0.6214,1.1317,0.0603,0.0605,1.0033,ok,False,,,
topconfs,tc055-w133,"bits.4.emb.4|rglru.2-split.add(norm, pass)-conv.2-split.mul(pass, dense.4)",4,128,133,100-500,,,,0.6107,9.9608,,,0.6248,0.6307,0.6888,1.1024,0.0849,0.086,1.013,ok,False,,,
topconfs,tc056-w141,"bits.4.emb.4|rglru.2-conv.4-split.mul(pass, dense.4)",4,512,141,100-500,,,,0.6734,31.585,,,0.6987,0.6962,0.7446,1.0657,0.311,0.3064,0.9852,ok,False,,,
topconfs,tc057-w145,"bits.4.emb.4|mingru.4-norm-conv.2-split.mul(pass, dense.4)",64,32,145,100-500,,,,0.4935,2.8213,,,0.4884,0.4998,0.5461,1.1181,0.1946,0.1936,0.9949,ok,False,,,
topconfs,tc058-w149,"bits.4.emb.4|split.add(conv.2-split.add(split.add(rmsnorm, pass), pass)-mingru.4, pass)-split.mul(pass, dense.4)",1,256,149,100-500,,,,0.4906,20.3879,,,0.4976,0.4998,0.5616,1.1286,0.0323,0.0312,0.9659,ok,False,,,
topconfs,tc059-w153,"bits.4.emb.4|split.add(dense.4.tanh-split.add(dense.4.gelu-conv.4-split.add(split.add(norm, pass), pass), pass)-split.mul(pass, dense.4), pass)",1,1024,153,100-500,,,,0.5662,0.5668,,,0.5738,0.5781,0.6444,1.123,0.1109,0.1097,0.9892,ok,False,,,
topconfs,tc060-w159,"bits.4.emb.4|split.add(dense.2.tanh-split.add(dense.4.gelu-conv.4-split.add(split.add(rmsnorm, pass), pass), pass)-split.mul(pass, dense.4), pass)-split.mul(pass, dense.4)",1,1024,159,100-500,,,,0.6757,0.6807,,,0.6932,0.6971,0.7778,1.122,0.1457,0.1435,0.9849,ok,False,,,
topconfs,tc061-w161,"bits.4.emb.4|rglru.2-norm-conv.4-split.mul(pass, dense.4)-split.mul(pass, dense.4.tanh)",4,128,161,100-500,,,,0.7424,10.2662,,,0.7521,0.7452,0.8051,1.0705,0.0966,0.0932,0.9648,ok,False,,,
topconfs,tc062-w169,"bits.4.emb.4|split.add(conv.2-split.add(split.add(dense.4.tanh-rmsnorm, pass), pass)-mingru.4, pass)-split.mul(pass, dense.4)",2,256,169,100-500,,,,0.5817,20.614,,,0.5958,0.5988,0.6497,1.0905,0.0576,0.0563,0.9774,ok,False,,,
topconfs,tc063-w176,"bits.4.oh+bp|dense.2.tanh-suffix.2-split.add(mingru.4, pass)-norm-split.add(dense.4.gelu, pass)",16,2048,176,100-500,,,,1.6998,145.0068,,,1.7172,1.7066,1.7097,0.9956,2.1184,2.1064,0.9943,ok,True,,,
topconfs,tc064-w185,"bits.4.emb.4|suffix.2-mingru.4-split.mul(pass, dense.4)-split.mul(pass, dense.4.tanh)",2,512,185,100-500,,,,0.4782,37.4186,,,0.4873,0.486,0.5344,1.0967,0.098,0.0979,0.999,ok,False,,,
topconfs,tc065-w193,"bits.4.emb.4|rglru.2-norm-suffix.2-mingru.4-split.add(split.mul(pass, dense.4), pass)",4,512,193,100-500,,,,0.8534,67.2499,,,0.879,0.8853,0.8828,1.0043,0.3585,0.358,0.9986,ok,False,,,
topconfs,tc066-w196,"bits.4.oh+bp|dense.2.tanh-suffix.2-mingru.4-norm-split.add(dense.4.gelu-split.add(dense.4.tanh, pass), pass)",4,1024,196,100-500,,,,0.7469,72.2659,,,0.756,0.7509,0.7694,1.0177,0.4715,0.4631,0.9822,ok,False,,,
topconfs,tc067-w204,bits.4.oh+bp|rnn.4.tanh-suffix.2-dense.4.gelu,32,128,204,100-500,,,,0.4511,11.5091,,,0.4259,0.432,0.4402,1.0336,0.4153,0.408,0.9824,ok,False,,,
topconfs,tc068-w207,"tokens.32.fold.emb.4|split.add(rnn.2.tanh-split.cat(norm, pass), pass)",8,256,207,100-500,,,,0.4268,19.7217,,,0.4145,0.4136,0.4191,1.0111,0.7082,0.6964,0.9833,ok,True,,,
topconfs,tc069-w213,"tokens.32.fold.emb.4|split.add(split.add(mingru.2-split.add(split.add(norm, pass), pass), pass), pass)",4,128,213,100-500,,,,0.3064,10.9512,,,0.3028,0.301,0.3349,1.106,0.1017,0.0992,0.9754,ok,False,,,
topconfs,tc070-w215,"tokens.32.fold.emb.4|split.add(mingru.2-split.add(split.cat(split.add(rmsnorm, pass), pass), pass), pass)",4,128,215,100-500,,,,0.3586,11.0294,,,0.3557,0.3545,0.3804,1.0694,0.1026,0.1009,0.9834,ok,False,,,
topconfs,tc071-w217,"tokens.32.fold.emb.4|split.add(split.add(mingru.2, pass)-rmsnorm, pass)",8,128,217,100-500,,,,0.3517,11.1995,,,0.3524,0.349,0.3817,1.0831,0.2187,0.2146,0.9813,ok,False,,,
topconfs,tc072-w221,"tokens.32.fold.emb.4|split.add(mingru.2-split.add(split.cat(dense.2.gelu-rmsnorm, pass), pass), pass)",4,128,221,100-500,,,,0.4133,11.3085,,,0.4168,0.4168,0.4664,1.119,0.1172,0.117,0.9983,ok,False,,,
topconfs,tc073-w223,"tokens.32.fold.emb.4|split.add(mgru.2-rmsnorm, pass)",8,256,223,100-500,,,,0.7094,36.4175,,,0.6917,0.6917,0.6992,1.0108,1.1392,1.1141,0.978,ok,True,,,
topconfs,tc074-w227,"tokens.32.fold.emb.4|split.add(split.add(rnn.2.tanh, pass)-norm-dense.4.tanh, pass)",1,256,227,100-500,,,,0.462,20.0074,,,0.4393,0.4422,0.4547,1.0351,0.0642,0.0633,0.986,ok,False,,,
topconfs,tc075-w229,"tokens.32.fold.emb.4|split.add(split.add(dense.4.tanh-split.add(conv.2-norm, pass)-rmsnorm, pass)-split.add(norm-split.add(norm, pass)-norm, pass), pass)",2,256,229,100-500,,,,0.474,0.4733,,,0.4766,0.4796,0.5228,1.0969,0.1105,0.1093,0.9891,ok,False,,,
topconfs,tc076-w231,"tokens.32.shift.emb.4|split.add(mingru.4-split.add(rmsnorm, pass), pass)",64,128,231,100-500,,,,0.3856,11.4665,,,0.3716,0.3842,0.4002,1.077,0.8617,0.8474,0.9834,ok,True,,,
topconfs,tc077-w233,"tokens.32.fold.emb.4|split.add(split.mul(pass, dense.4.tanh)-mingru.2, pass)",16,64,233,100-500,,,,0.3529,4.9165,,,0.3494,0.3511,0.3875,1.109,0.2204,0.2165,0.9823,ok,False,,,
topconfs,tc078-w237,"tokens.32.fold.emb.4|split.add(mingru.4-rmsnorm, pass)",4,256,237,100-500,,,,0.3439,19.7383,,,0.3375,0.3403,0.3734,1.1064,0.2258,0.2248,0.9956,ok,False,,,
topconfs,tc079-w243,"tokens.32.shift.emb.4|split.add(lrnn.4.2-split.add(rmsnorm, pass), pass)",64,64,243,100-500,,,,0.6967,25.3041,,,0.6843,0.6812,0.6882,1.0057,0.9864,0.9577,0.9709,ok,True,,,
topconfs,tc080-w245,"tokens.32.fold.emb.4|split.add(lrnn.4.4, pass)",128,64,245,100-500,,,,1.9187,41.2588,,,1.8835,1.8945,1.8871,1.0019,1.7303,1.6929,0.9784,ok,False,,,
topconfs,tc081-w247,"tokens.32.shift.emb.4|split.add(split.mul(pass, dense.4)-mingru.4, pass)",32,64,247,100-500,,,,0.3487,4.9577,,,0.3437,0.3441,0.3815,1.11,0.3064,0.3016,0.9843,ok,False,,,
topconfs,tc082-w263,"tokens.32.shift.emb.4|split.add(rnn.4.tanh-mingru.4, pass)",4,128,263,100-500,,,,0.4658,21.583,,,0.4498,0.4517,0.4556,1.0129,0.1964,0.1933,0.9842,ok,False,,,
topconfs,tc083-w265,"tokens.32.fold.emb.4|split.add(split.add(split.add(conv.2-norm, pass)-split.mul(norm, dense.4), pass)-split.add(split.add(norm, pass)-norm, pass)-mingru.4, pass)",2,512,265,100-500,,,,0.5456,37.5225,,,0.5543,0.5599,0.5858,1.0568,0.2551,0.251,0.9839,ok,False,,,
topconfs,tc084-w267,"tokens.32.shift.emb.4|split.add(split.add(split.add(conv.2-rmsnorm, pass)-split.mul(norm, dense.4), pass)-split.add(split.add(norm, pass)-rmsnorm, pass)-mingru.4, pass)",2,512,267,100-500,,,,0.6047,37.7941,,,0.6076,0.615,0.662,1.0895,0.2617,0.2573,0.9832,ok,False,,,
topconfs,tc085-w287,"tokens.32.shift.emb.4|split.add(split.add(split.add(conv.2-rmsnorm, pass)-split.mul(norm, dense.4), pass)-split.add(split.add(norm, pass)-rmsnorm, pass)-mingru.4-dense.4, pass)",2,512,287,100-500,,,,0.6534,38.1175,,,0.6815,0.6811,0.7353,1.0789,0.2671,0.2635,0.9865,ok,False,,,
topconfs,tc086-w303,"tokens.32.shift.emb.4|split.add(conv.2-norm-split.mul(dense.4.tanh, dense.4), pass)-split.add(split.add(rmsnorm-split.mul(pass, dense.4), pass)-mingru.4, pass)",2,512,303,100-500,,,,0.6343,38.0926,,,0.6585,0.6631,0.7181,1.0905,0.2627,0.2624,0.9989,ok,False,,,
topconfs,tc087-w307,"tokens.32.shift.emb.4|split.add(split.add(split.add(conv.2-rmsnorm, pass)-split.mul(norm, dense.4)-split.mul(pass, dense.4), pass)-split.add(split.add(split.add(norm-split.mul(pass, dense.4), pass)-rmsnorm, pass), pass)-mingru.4, pass)",1,1024,307,100-500,,,,0.7426,72.9321,,,0.7974,0.8064,0.8428,1.0569,0.2818,0.2786,0.9886,ok,False,,,
topconfs,tc088-w327,"tokens.32.shift.emb.4|split.add(split.add(split.add(conv.2-rmsnorm, pass)-split.mul(norm, dense.4)-split.mul(pass, dense.4), pass)-split.add(split.add(split.add(norm-split.mul(dense.4, dense.4), pass)-rmsnorm, pass)-mingru.4, pass), pass)",1,512,327,100-500,,,,0.7522,38.4447,,,0.7748,0.7821,0.842,1.0867,0.14,0.1393,0.995,ok,False,,,
topconfs,tc089-w343,"tokens.32.shift.emb.4|split.add(split.mul(split.add(lrnn.4.2-dense.4, pass)-rmsnorm, dense.4)-split.add(mingru.4-split.mul(pass, dense.4.tanh), pass), pass)",32,64,343,100-500,,,,0.8031,31.7129,,,0.8351,0.8414,0.8754,1.0483,0.8193,0.8031,0.9802,ok,False,,,
topconfs,tc090-w345,"tokens.32.fold.emb.4|split.add(split.mul(split.add(lrnn.4.2-dense.4, pass), dense.4)-split.add(mingru.4-split.mul(pass, dense.4.tanh), pass), pass)",32,64,345,100-500,,,,0.7811,31.6657,,,0.8137,0.82,0.8285,1.0182,0.8002,0.7831,0.9786,ok,False,,,
topconfs,tc091-w359,"tokens.32.shift.emb.4|split.add(split.mul(split.add(lrnn.4.2-dense.4, pass), dense.4)-norm-split.add(mingru.4-split.mul(pass, dense.4.tanh), pass)-split.mul(pass, dense.4), pass)",32,64,359,100-500,,,,0.8173,32.0461,,,0.8239,0.8315,0.8812,1.0695,0.8211,0.8111,0.9878,ok,False,,,
topconfs,tc092-w361,"bits.4.emb.8|mingru.4-suffix.2-dense.8.gelu-split.add(split.add(dense.8.tanh, pass), pass)",4,512,361,100-500,,,,0.509,37.1041,,,0.5174,0.5195,0.5712,1.104,0.2479,0.2462,0.9931,ok,False,,,
topconfs,tc093-w363,"tokens.32.shift.emb.4|split.add(split.mul(split.add(lrnn.4.2-dense.4, pass)-split.mul(rmsnorm, dense.4), dense.4)-split.add(mingru.4-split.mul(pass, dense.4.tanh), pass), pass)",32,64,363,100-500,,,,0.8336,32.2849,,,0.8806,0.8945,0.9664,1.0974,0.8287,0.8223,0.9923,ok,False,,,
topconfs,tc094-w380,"bits.4.oh+bp|dense.4.tanh-split.add(suffix.2-rnn.4.tanh-dense.8.gelu-norm, pass)-split.add(dense.8.gelu, pass)",8,2048,380,100-500,,,,4.4966,141.6688,,,4.4362,4.5069,4.4782,1.0095,2.6516,2.6043,0.9822,ok,False,,,
topconfs,tc095-w397,"bits.4.emb.8|split.mul(mingru.4, dense.4.tanh)-suffix.2-dense.8.gelu-split.add(dense.8.tanh, pass)",4,256,397,100-500,,,,0.5323,20.4006,,,0.5355,0.545,0.6111,1.1412,0.1433,0.1424,0.9937,ok,False,,,
topconfs,tc096-w400,"bits.4.oh+bp|dense.4.tanh-split.add(suffix.2-mingru.4-dense.8.gelu-norm, pass)-split.add(dense.8.gelu, pass)",16,1024,400,100-500,,,,1.0283,73.4146,,,1.0329,1.0278,1.0483,1.0149,1.4335,1.4112,0.9844,ok,True,,,
topconfs,tc097-w405,"bits.4.emb.8|split.mul(mingru.4, dense.4.tanh)-suffix.2-dense.8.gelu-split.add(dense.8.gelu-rmsnorm, pass)",4,256,405,100-500,,,,0.6107,20.6598,,,0.6274,0.646,0.6979,1.1124,0.1616,0.1608,0.995,ok,False,,,
topconfs,tc098-w416,"bits.4.oh+bp|rnn.4.tanh-suffix.2-mingru.4-norm-dense.8.gelu-norm-split.add(dense.8.gelu, pass)",16,256,416,100-500,,,,0.9659,39.5585,,,0.9681,0.9679,0.9754,1.0075,0.76,0.7501,0.987,ok,False,,,
topconfs,tc099-w420,"bits.4.oh+bp|rnn.4.tanh-suffix.2-mingru.8-norm-split.add(rmsnorm, pass)-norm-split.add(dense.4.gelu, pass)",16,256,420,100-500,,,,0.9699,40.006,,,0.9768,0.9869,0.9842,1.0076,0.7862,0.7729,0.9831,ok,False,,,
topconfs,tc100-w423,tokens.32.shift.emb.8|lrnn.4.2-norm-dense.8.tanh,16,128,423,100-500,,,,1.1331,46.2822,,,1.1299,1.1303,1.1421,1.0108,0.9514,0.9323,0.9799,ok,False,,,
topconfs,tc101-w432,"bits.4.oh+bp|dense.4.tanh-split.add(suffix.2-mingru.4-suffix.2-dense.8.gelu-norm, pass)-split.add(dense.8.gelu, pass)",16,1024,432,100-500,,,,1.0444,73.6184,,,1.0502,1.045,1.0625,1.0117,1.3268,1.3144,0.9907,ok,True,,,
topconfs,tc102-w451,tokens.32.shift.emb.8|rnn.8.tanh,256,64,451,100-500,,,,0.3679,5.0812,,,0.3382,0.3616,0.3705,1.0955,1.6746,1.6515,0.9862,ok,True,,,
topconfs,tc103-w455,"tokens.32.shift.emb.8|split.add(lrnn.4.2, pass)-norm-dense.8.tanh",16,128,455,100-500,,,,1.1387,46.5835,,,1.1398,1.1353,1.1513,1.0101,0.9633,0.951,0.9872,ok,False,,,
topconfs,tc104-w459,"tokens.32.shift.emb.8|split.add(mingru.4, pass)-dense.8.tanh",16,128,459,100-500,,,,0.3672,11.3172,,,0.353,0.3665,0.3891,1.1023,0.3414,0.337,0.9871,ok,False,,,
topconfs,tc105-w472,"bits.4.oh+bp|lrnn.4.2-suffix.2-mingru.8-rmsnorm-dense.8.gelu-split.add(norm, pass)",16,256,472,100-500,,,,2.263,109.8185,,,2.2877,2.2725,2.308,1.0089,1.8738,1.8795,1.003,ok,False,,,
topconfs,tc106-w474,tokens.32.hexbpe.emb.8|lrnn.8.2,64,128,474,100-500,,,,3.7126,47.0853,,,3.7287,3.7781,3.7457,1.0046,2.2231,2.1532,0.9686,ok,False,,,
topconfs,tc107-w499,tokens.32.shift.emb.8|mgru.4-mingru.8,64,64,499,100-500,,,,0.5234,13.7826,,,0.5246,0.5244,0.5754,1.0968,0.7545,0.74,0.9808,ok,True,,,
topconfs,tc108-w510,"tokens.32.hexbpe.emb.8|lrnn.8.4-split.add(split.add(dense.4.tanh, pass), pass)",32,128,510,500-1500,,,,7.865,76.822,,,7.9258,7.9194,7.9584,1.0041,2.0039,1.944,0.9701,ok,False,,,
topconfs,tc109-w515,tokens.32.shift.emb.8|lrnn.8.4,64,64,515,500-1500,,,,4.0402,40.6122,,,4.0242,4.0812,4.0277,1.0009,1.488,1.4507,0.9749,ok,False,,,
topconfs,tc110-w584,"bits.4.oh+bp|rnn.4.tanh-suffix.2-mingru.8-norm-split.add(dense.8.gelu, pass)-norm-split.add(rnn.8.gelu, pass)",16,256,584,500-1500,,,,1.2686,67.8786,,,1.3075,1.3048,1.3336,1.02,1.1285,1.1148,0.9879,ok,False,,,
topconfs,tc111-w586,"tokens.32.hexbpe.emb.8|lrnn.8.2-split.add(split.add(dense.8.tanh-rglru.8, pass), pass)",64,128,586,500-1500,,,,4.0168,56.2386,,,4.1047,4.0901,4.1292,1.006,2.5914,2.5486,0.9835,ok,False,,,
topconfs,tc112-w587,"tokens.32.shift.emb.8|lrnn.8.4-split.mul(pass, dense.8)",128,32,587,500-1500,,,,2.2829,21.8062,,,2.2408,2.2568,2.2427,1.0008,1.2819,1.2672,0.9885,ok,False,,,
topconfs,tc113-w626,"tokens.32.hexbpe.emb.8|rnn.8.tanh-split.add(dense.8.tanh-split.mul(pass, dense.8), pass)-split.add(split.mul(pass, dense.8), pass)",16,128,626,500-1500,,,,0.4939,11.7573,,,0.4926,0.5094,0.566,1.149,0.488,0.478,0.9795,ok,False,,,
topconfs,tc114-w667,"tokens.32.shift.emb.8|mingru.8-split.mul(split.add(latent.8.2, pass), dense.8)",16,128,667,500-1500,,,,0.4837,13.0182,,,0.4877,0.4988,0.5384,1.104,0.4985,0.4914,0.9858,ok,True,,,
topconfs,tc115-w746,"bits.4.oh+bp|mgru.8-norm-suffix.2-dense.8.gelu-norm-split.cat(dense.2.gelu, pass)",32,128,746,500-1500,,,,0.5597,20.759,,,0.585,0.5907,0.6601,1.1284,0.9779,0.9644,0.9862,ok,True,,,
topconfs,tc116-w754,"tokens.32.hexbpe.emb.8|mgru.8-split.add(latent.8.2, pass)-split.add(split.mul(pass, dense.8), pass)",16,128,754,500-1500,,,,0.5619,21.8416,,,0.5642,0.5765,0.6474,1.1475,0.7366,0.7299,0.9909,ok,True,,,
topconfs,tc117-w762,"tokens.32.hexbpe.emb.8|mgru.8-split.add(dense.8.tanh, pass)-split.add(split.mul(dense.8, dense.8), pass)",16,256,762,500-1500,,,,0.6078,37.4539,,,0.6103,0.6416,0.7027,1.1514,1.1754,1.1493,0.9778,ok,True,,,
topconfs,tc118-w834,"tokens.32.hexbpe.emb.8|dense.8.tanh-mgru.8-split.add(dense.8.tanh, pass)-split.add(split.mul(dense.8, dense.8), pass)",16,256,834,500-1500,,,,0.6685,37.5032,,,0.6739,0.692,0.7733,1.1475,1.2232,1.2057,0.9857,ok,True,,,
topconfs,tc119-w845,"bits.1+bp|mgru.16-split.cat(split.cat(split.mul(dense.4.gelu, dense.4), pass), pass)",32,512,845,500-1500,,,,1.3648,72.0403,,,1.3713,1.363,1.3916,1.0148,5.6208,5.5614,0.9894,ok,True,,,
topconfs,tc120-w875,"tokens.32.shift.emb.8|mgru.8-split.add(dense.8-split.add(split.mul(split.add(dense.8, pass), dense.8.gelu)-split.mul(pass, dense.8), pass), pass)",64,64,875,500-1500,,,,0.6393,9.8819,,,0.6501,0.6585,0.7422,1.1417,0.9463,0.9401,0.9934,ok,True,,,
topconfs,tc121-w896,"bits.4.oh+bp|mgru.8-norm-suffix.2-dense.8.gelu-norm-split.cat(dense.8.gelu, pass)",32,128,896,500-1500,,,,0.56,20.7386,,,0.5745,0.5894,0.6584,1.146,1.0022,0.992,0.9898,ok,True,,,
topconfs,tc122-w898,"tokens.32.hexbpe.emb.8|mgru.8-split.add(latent.8.2-split.mul(pass, dense.8.tanh), pass)-split.mul(dense.8.tanh, dense.8)",16,128,898,500-1500,,,,0.6671,22.3694,,,0.6945,0.6984,0.7703,1.1091,0.7974,0.7903,0.9911,ok,True,,,
topconfs,tc123-w918,"bits.4.oh+bp|rnn.16.gelu-norm-dense.8.gelu-split.cat(dense.2.tanh-dense.4.tanh, pass)",32,128,918,500-1500,,,,0.5348,16.6497,,,0.5396,0.5655,0.6116,1.1334,1.1759,1.1589,0.9855,ok,True,,,
topconfs,tc124-w944,bits.4.oh+bp|lrnn.8.2-norm-rnn.16.gelu,16,512,944,500-1500,,,,14.6072,231.274,,,14.6995,14.7609,14.7561,1.0039,4.6108,4.4565,0.9665,ok,False,,,
topconfs,tc125-w1024,bits.4.oh+bp|rnn.8.tanh-mgru.8-suffix.2-dense.16.gelu-norm,64,128,1024,500-1500,,,,0.6458,31.5501,,,0.6464,0.6803,0.7125,1.1023,1.6585,1.6298,0.9827,ok,True,,,
topconfs,tc126-w1088,bits.4.oh+bp|rnn.16.gelu-dense.16.gelu,64,128,1088,500-1500,,,,0.4197,16.5948,,,0.3982,0.422,0.4455,1.1188,1.6267,1.6029,0.9854,ok,True,,,
topconfs,tc127-w1104,bits.4.oh+bp|rnn.16.gelu-dense.16.gelu-rmsnorm,64,128,1104,500-1500,,,,0.484,16.5412,,,0.4791,0.5101,0.5273,1.1006,1.7351,1.7111,0.9862,ok,True,,,
topconfs,tc128-w1152,"bits.4.oh+bp|rnn.16.gelu-norm-dense.16.gelu-split.add(conv.2-rmsnorm, pass)",64,128,1152,500-1500,,,,0.5864,17.0147,,,0.5848,0.6108,0.6779,1.1592,1.8791,1.8607,0.9902,ok,True,,,
topconfs,tc129-w1216,"bits.4.oh+bp|lrnn.8.2-rnn.16.gelu-split.add(dense.16.gelu, pass)",16,256,1216,500-1500,,,,7.3563,118.3251,,,7.3835,7.5905,7.4435,1.0081,2.5645,2.5181,0.9819,ok,False,,,
topconfs,tc130-w1264,"bits.4.oh+bp|lrnn.8.2-norm-split.mul(mingru.16, dense.16)-split.add(dense.16.gelu-rmsnorm, pass)",16,256,1264,500-1500,,,,7.442,109.3521,,,7.4064,7.6071,7.4469,1.0055,2.1871,2.1485,0.9824,ok,False,,,
topconfs,tc131-w1288,bits.4.oh+bp|rnn.16.gelu-rnn.8.tanh-suffix.2-dense.16.gelu,16,512,1288,500-1500,,,,1.2329,92.8634,,,1.359,1.3603,1.3736,1.0107,2.7773,2.7435,0.9878,ok,True,,,
topconfs,tc132-w1304,"tokens.64.shift.emb.8|mgru.8-split.add(latent.8.2-split.mul(pass, dense.8.tanh), pass)-split.mul(mingru.8, dense.8)",128,128,1304,500-1500,,,,1.9364,33.989,,,2.0016,1.9936,1.998,0.9982,3.9769,3.9109,0.9834,ok,True,,,
topconfs,tc133-w1314,"tokens.32.hexbpe.emb.16|lrnn.16.2-split.add(norm, pass)",64,64,1314,500-1500,,,,4.6537,25.0657,,,4.656,4.7025,4.6717,1.0034,2.033,1.9974,0.9825,ok,False,,,
topconfs,tc134-w1344,bits.4.oh+bp|rnn.16.gelu-rnn.16.gelu,64,128,1344,500-1500,,,,0.54,31.5085,,,0.5198,0.5192,0.5468,1.0519,2.5021,2.4685,0.9866,ok,True,,,
topconfs,tc135-w1360,"bits.4.oh+bp|rnn.16.gelu-split.add(rnn.16.gelu, pass)-rmsnorm",64,128,1360,500-1500,,,,0.5868,31.6136,,,0.5857,0.59,0.6459,1.1028,2.6002,2.5703,0.9885,ok,True,,,
topconfs,tc136-w1488,"bits.4.oh+bp|dense.8.tanh-suffix.2-dense.16.gelu-rnn.16.gelu-split.add(dense.16.gelu, pass)",32,512,1488,500-1500,,,,1.0575,56.3483,,,1.0598,0.9932,1.0739,1.0133,3.8651,3.8308,0.9911,ok,True,,,
topconfs,tc137-w1552,"bits.4.oh+bp|rnn.8.tanh-suffix.2-dense.16.gelu-rnn.16.gelu-split.add(dense.16.gelu, pass)",32,512,1552,1500+,,,,1.511,93.5335,,,1.5192,1.5131,1.5281,1.0059,4.607,4.5253,0.9823,ok,True,,,
topconfs,tc138-w1600,"bits.4.oh+bp|rnn.16.gelu-split.add(lrnn.16.4, pass)",32,128,1600,1500+,,,,18.7987,92.3363,,,18.7962,18.972,18.8001,1.0002,4.0449,3.9783,0.9835,ok,False,,,
topconfs,tc139-w1616,bits.4.oh+bp|rnn.16.gelu-rnn.16.gelu-norm-dense.16.tanh,128,128,1616,1500+,,,,0.7028,32.7299,,,0.7018,0.7014,0.7101,1.0118,4.5867,4.5125,0.9838,ok,True,,,
topconfs,tc140-w1696,"bits.4.oh+bp|rnn.16.gelu-rnn.16.gelu-norm-split.add(dense.16.tanh-rglru.16, pass)-norm",32,256,1696,1500+,,,,1.2791,73.5618,,,1.2606,1.2586,1.2745,1.011,3.7114,3.6726,0.9895,ok,True,,,
topconfs,tc141-w1752,bits.4.oh+bp|rnn.16.gelu-norm-rnn.16.gelu-norm-dense.8.tanh-norm-suffix.2-dense.16.gelu,32,128,1752,1500+,,,,0.7148,32.4394,,,0.7439,0.7698,0.8314,1.1176,1.9357,1.9092,0.9863,ok,True,,,
topconfs,tc142-w1832,bits.4.oh+bp|rnn.16.gelu-norm-mingru.16-norm-latent.8.2-norm-suffix.2-dense.16.gelu,32,256,1832,1500+,,,,1.4352,50.9503,,,1.4825,1.4758,1.5022,1.0133,2.9879,2.9582,0.9901,ok,True,,,
topconfs,tc143-w1844,bits.2.oh+bp|rnn.32.gelu-dense.16.gelu,64,512,1844,1500+,,,,1.3239,58.6009,,,1.3068,1.3047,1.3222,1.0118,8.0722,7.9065,0.9795,ok,True,,,
topconfs,tc144-w1872,"bits.4.oh+bp|rnn.16.gelu-split.cat(rnn.16.gelu, pass)-norm-dense.16.gelu",64,128,1872,1500+,,,,0.6352,32.1907,,,0.6356,0.64,0.7105,1.1178,2.8922,2.8409,0.9823,ok,True,,,
topconfs,tc145-w1888,"bits.4.oh+bp|rnn.16.gelu-rnn.16.gelu-norm-split.add(dense.16.gelu-dense.16.tanh, pass)-norm",32,256,1888,1500+,,,,1.0012,58.3197,,,0.999,0.9994,0.9456,0.9465,3.4465,3.3447,0.9705,ok,True,,,
topconfs,tc146-w1904,bits.4.oh+bp|rnn.16.gelu-rnn.16.gelu-rmsnorm-mingru.16,32,128,1904,1500+,,,,0.6648,41.6778,,,0.661,0.6833,0.7619,1.1526,1.9668,1.939,0.9859,ok,True,,,
topconfs,tc147-w1920,"bits.4.oh+bp|rnn.16.gelu-rnn.16.gelu-split.add(rmsnorm-mingru.16-rmsnorm, pass)",32,128,1920,1500+,,,,0.7422,41.9323,,,0.7332,0.7558,0.8302,1.1323,2.048,2.0023,0.9777,ok,True,,,
topconfs,tc148-w2016,bits.4.oh+bp|dense.8.gelu-mgru.16-dense.32.gelu-norm,128,256,2016,1500+,,,,1.2163,39.3496,,,1.2197,1.213,1.2305,1.0089,11.0405,10.8573,0.9834,ok,True,,,
topconfs,tc149-w2056,bits.4.oh+bp|dense.4.tanh-rnn.32.gelu-dense.16.gelu,16,256,2056,1500+,,,,0.6315,29.4773,,,0.6306,0.631,0.6424,1.0187,1.6905,1.6699,0.9878,ok,True,,,
topconfs,tc150-w2080,bits.4.oh+bp|rnn.8.tanh-norm-rnn.32.gelu-rmsnorm,32,256,2080,1500+,,,,0.9276,48.9314,,,0.9256,0.9219,0.9354,1.0106,3.013,2.9897,0.9923,ok,True,,,
topconfs,tc151-w2144,bits.4.oh+bp|rnn.16.gelu-mgru.16-norm-dense.16.tanh,64,128,2144,1500+,,,,0.6867,36.148,,,0.6493,0.6877,0.7477,1.1515,3.9956,3.9595,0.991,ok,True,,,
topconfs,tc152-w2160,bits.4.oh+bp|mgru.16-dense.32.gelu,64,512,2160,1500+,,,,1.462,72.4146,,,1.4459,1.4401,1.4582,1.0085,11.8962,11.601,0.9752,ok,True,,,
topconfs,tc153-w2245,tokens.64.hexbpe.emb.16|mullstm.8-dense.16.gelu-rmsnorm,32,128,2245,1500+,,,,0.66,30.8815,,,0.6569,0.6746,0.7178,1.0927,2.0203,2.0068,0.9933,ok,True,,,
topconfs,tc154-w2256,bits.4.oh+bp|dense.8.tanh-rnn.32.gelu-dense.16.gelu,32,128,2256,1500+,,,,0.4876,16.6466,,,0.4795,0.5017,0.5462,1.1391,1.5067,1.4917,0.99,ok,True,,,
topconfs,tc155-w2272,"bits.4.oh+bp|dense.8.tanh-rnn.32.gelu-norm-dense.16.gelu-split.add(rmsnorm, pass)",32,128,2272,1500+,,,,0.5786,16.6718,,,0.5922,0.6055,0.6523,1.1015,1.631,1.5985,0.9801,ok,True,,,
topconfs,tc156-w2336,"bits.4.oh+bp|latent.8.2-rnn.32.gelu-dense.16.gelu-split.add(rmsnorm, pass)",32,128,2336,1500+,,,,0.7388,18.2564,,,0.748,0.7346,0.7593,1.0151,1.7927,1.7577,0.9805,ok,True,,,
topconfs,tc157-w2400,bits.4.oh+bp|rnn.32.gelu-dense.16.gelu,64,64,2400,1500+,,,,0.3966,7.6015,,,0.3848,0.403,0.4428,1.1507,1.3068,1.2923,0.9889,ok,True,,,
topconfs,tc158-w2416,bits.4.oh+bp|rnn.32.gelu-dense.16.gelu-rmsnorm,64,128,2416,1500+,,,,0.5137,16.9029,,,0.5015,0.5201,0.5742,1.145,2.434,2.4132,0.9915,ok,True,,,
topconfs,tc159-w2656,bits.4.oh+bp|rnn.32.gelu-rnn.16.gelu-norm,32,256,2656,1500+,,,,0.979,57.4309,,,0.9829,0.9813,0.9967,1.014,3.685,3.6456,0.9893,ok,True,,,
topconfs,tc160-w2778,tokens.32.hexbpe.emb.16|dense.8.tanh-norm-rnn.32.gelu-rnn.16.gelu-rmsnorm,64,128,2778,1500+,,,,0.7293,32.9409,,,0.7297,0.7478,0.8388,1.1495,3.7492,3.6815,0.9819,ok,True,,,
topconfs,tc161-w2784,bits.4.oh+bp|dense.8.gelu-rnn.32.gelu-rnn.16.gelu-norm-dense.16.tanh,64,128,2784,1500+,,,,0.7123,33.0508,,,0.7152,0.7264,0.8265,1.1556,3.5556,3.5077,0.9865,ok,True,,,
topconfs,tc162-w2928,"bits.4.oh+bp|rnn.32.gelu-rnn.16.gelu-split.add(dense.16.gelu, pass)",32,128,2928,1500+,,,,0.6015,32.0986,,,0.5976,0.6015,0.6732,1.1265,2.1056,2.0818,0.9887,ok,True,,,
