suite,name,cls_or_weights,stage1_ms,native_ms,native_over_stage1,extra_ms,extra_col,standalone_stage1_ms,standalone_native_ms,standalone_ratio,anomaly_verdict
suite106,big00-b32l128,big,12.4441,10.0413,0.8069,,,10.2475,10.1893,0.9943,in-suite artifact
suite106,big00-b8l256,big,17.3924,17.3735,0.9989,,,,,,
suite106,big01-b32l128,big,19.8641,19.9422,1.0039,,,,,,
suite106,big01-b8l256,big,36.8204,36.4831,0.9908,,,,,,
suite106,big02-b32l128,big,17.2147,17.0607,0.9911,,,,,,
suite106,big02-b8l256,big,32.0633,32.4801,1.013,,,,,,
suite106,big03-b32l128,big,19.7886,18.0236,0.9108,,,,,,
suite106,big03-b8l256,big,32.6275,32.712,1.0026,,,,,,
suite106,big04-b32l128,big,19.3555,18.148,0.9376,,,,,,
suite106,big04-b8l256,big,32.675,33.1063,1.0132,,,,,,
suite106,big05-b32l128,big,19.8301,19.0543,0.9609,,,,,,
suite106,big05-b8l256,big,32.7459,32.8485,1.0031,,,,,,
suite106,big06-b32l128,big,19.4599,19.9194,1.0236,,,,,,
suite106,big06-b8l256,big,32.8968,33.0263,1.0039,,,,,,
suite106,big07-b32l128,big,18.9562,19.9839,1.0542,,,,,,
suite106,big07-b8l256,big,33.3532,37.7588,1.1321,,,33.0212,33.1387,1.0036,in-suite artifact
suite106,big08-b32l128,big,27.1821,27.0541,0.9953,,,,,,
suite106,big08-b8l256,big,43.4571,43.1838,0.9937,,,,,,
suite106,big09-b32l128,big,21.5507,20.9855,0.9738,,,,,,
suite106,big09-b8l256,big,38.3682,25.5601,0.6662,,,38.3456,25.3779,0.6618,real
suite106,big10-b32l128,big,63.2045,64.2648,1.0168,,,,,,
suite106,big10-b8l256,big,72.9893,73.1504,1.0022,,,,,,
suite106,big11-b32l128,big,39.3806,39.886,1.0128,,,,,,
suite106,big11-b8l256,big,64.9615,65.0486,1.0013,,,,,,
suite106,big12-b32l128,big,9.7129,9.7391,1.0027,,,,,,
suite106,big12-b8l256,big,5.1895,6.0135,1.1588,,,5.191,5.1801,0.9979,in-suite artifact
suite106,big13-b32l128,big,69.9361,73.5725,1.052,,,,,,
suite106,big13-b8l256,big,93.6767,97.9372,1.0455,,,,,,
suite106,big14-b32l128,big,17.8812,21.4193,1.1979,,,17.4628,17.456,0.9996,in-suite artifact
suite106,big14-b8l256,big,10.9083,11.7526,1.0774,,,,,,
suite106,big15-b32l128,big,73.0143,76.7973,1.0518,,,,,,
suite106,big15-b8l256,big,77.5245,79.6895,1.0279,,,,,,
suite106,big16-b32l128,big,60.7611,66.7557,1.0987,,,,,,
suite106,big16-b8l256,big,89.866,96.8637,1.0779,,,,,,
suite106,db00-b16l128,db,0.1442,0.1418,0.9834,,,,,,
suite106,db00-b64l256,db,0.2085,0.2075,0.9952,,,,,,
suite106,db01-b256l512,db,1.3377,1.3377,1.0,,,,,,
suite106,db01-b64l256,db,0.2337,0.2297,0.9829,,,,,,
suite106,db02-b256l512,db,3.4329,3.4395,1.0019,,,,,,
suite106,db02-b4l1024,db,0.7957,0.7912,0.9943,,,,,,
suite106,db03-b128l128,db,1.1624,1.1627,1.0003,,,,,,
suite106,db03-b4l1024,db,0.8155,0.8171,1.002,,,,,,
suite106,db04-b128l128,db,0.2973,0.2984,1.0037,,,,,,
suite106,db04-b16l128,db,0.221,0.2189,0.9905,,,,,,
suite106,db05-b16l128,db,0.7079,0.7129,1.0071,,,,,,
suite106,db05-b64l256,db,1.4345,1.4319,0.9982,,,,,,
suite106,db06-b256l512,db,10.9431,10.9489,1.0005,,,,,,
suite106,db06-b64l256,db,1.4577,1.4583,1.0004,,,,,,
suite106,db07-b256l512,db,16.0597,16.1197,1.0037,,,,,,
suite106,db07-b4l1024,db,24.4477,24.2582,0.9922,,,,,,
suite106,db08-b128l128,db,3.6703,3.6757,1.0015,,,,,,
suite106,db08-b4l1024,db,24.3122,24.3792,1.0028,,,,,,
suite106,db09-b128l128,db,1.4166,1.4075,0.9936,,,,,,
suite106,db09-b16l128,db,0.3867,0.3843,0.9938,,,,,,
suite106,db10-b16l128,db,3.5126,3.5176,1.0014,,,,,,
suite106,db10-b64l256,db,7.4179,7.4054,0.9983,,,,,,
suite106,db11-b256l512,db,2.1758,2.8568,1.313,,,2.1799,2.8587,1.3114,real
suite106,db11-b64l256,db,0.6357,0.6387,1.0047,,,,,,
suite106,db12-b256l512,db,100.8598,102.6578,1.0178,,,,,,
suite106,db12-b4l1024,db,135.3919,135.4952,1.0008,,,,,,
suite106,db13-b128l128,db,0.6501,0.6448,0.9918,,,,,,
suite106,db13-b4l1024,db,1.8775,1.8539,0.9874,,,,,,
suite106,db14-b128l128,db,0.7345,0.7236,0.9852,,,,,,
suite106,db14-b16l128,db,0.5598,0.5615,1.003,,,,,,
suite106,db15-b16l128,db,0.6179,0.6173,0.999,,,,,,
suite106,db15-b64l256,db,1.2838,1.2607,0.982,,,,,,
suite106,db16-b256l512,db,4.4725,7.946,1.7766,,,4.4722,7.9345,1.7742,real
suite106,db16-b64l256,db,1.0781,1.0609,0.984,,,,,,
suite106,db17-b256l512,db,7.282,11.6455,1.5992,,,7.2813,11.6177,1.5956,real
suite106,db17-b4l1024,db,5.6928,5.6717,0.9963,,,,,,
suite106,db18-b128l128,db,1.5951,1.5731,0.9862,,,,,,
suite106,db18-b4l1024,db,7.2221,7.1992,0.9968,,,,,,
suite106,db19-b128l128,db,1.6664,1.6466,0.9881,,,,,,
suite106,db19-b16l128,db,1.1617,1.162,1.0003,,,,,,
suite106,mid00-b16l256,mid,4.6062,4.5853,0.9955,,,,,,
suite106,mid00-b64l128,mid,2.6632,2.6455,0.9934,,,,,,
suite106,mid01-b16l256,mid,1.6098,1.608,0.9989,,,,,,
suite106,mid01-b64l128,mid,2.0129,2.015,1.001,,,,,,
suite106,mid02-b16l256,mid,1.327,1.3294,1.0018,,,,,,
suite106,mid02-b64l128,mid,1.1389,1.1237,0.9867,,,,,,
suite106,mid03-b16l256,mid,7.2905,7.2698,0.9972,,,,,,
suite106,mid03-b64l128,mid,3.9973,3.9743,0.9942,,,,,,
suite106,mid04-b16l256,mid,4.8807,4.8524,0.9942,,,,,,
suite106,mid04-b64l128,mid,3.1178,3.0847,0.9894,,,,,,
suite106,mid05-b16l256,mid,1.937,1.9442,1.0037,,,,,,
suite106,mid05-b64l128,mid,2.629,2.64,1.0042,,,,,,
suite106,mid06-b16l256,mid,9.4804,9.4249,0.9941,,,,,,
suite106,mid06-b64l128,mid,5.8857,5.8587,0.9954,,,,,,
suite106,mid07-b16l256,mid,1.6812,1.6783,0.9983,,,,,,
suite106,mid07-b64l128,mid,2.9472,2.943,0.9986,,,,,,
suite106,mid08-b16l256,mid,7.0498,7.015,0.9951,,,,,,
suite106,mid08-b64l128,mid,4.7015,4.7083,1.0014,,,,,,
suite106,mid09-b16l256,mid,12.7039,12.6621,0.9967,,,,,,
suite106,mid09-b64l128,mid,8.114,8.2221,1.0133,,,,,,
suite106,mid10-b16l256,mid,12.7426,12.711,0.9975,,,,,,
suite106,mid10-b64l128,mid,8.1057,8.1619,1.0069,,,,,,
suite106,mid11-b16l256,mid,12.9677,12.9285,0.997,,,,,,
suite106,mid11-b64l128,mid,9.9108,8.7635,0.8842,,,8.5265,8.5605,1.004,in-suite artifact
suite106,mid12-b16l256,mid,17.2599,17.3336,1.0043,,,,,,
suite106,mid12-b64l128,mid,10.7715,11.4115,1.0594,,,,,,
suite106,mid13-b16l256,mid,4.1276,4.1933,1.0159,,,,,,
suite106,mid13-b64l128,mid,6.7069,6.9149,1.031,,,,,,
suite106,mid14-b16l256,mid,95.0055,94.7395,0.9972,,,,,,
suite106,mid14-b64l128,mid,52.2366,52.2252,0.9998,,,,,,
suite106,synth-matlstm-a,synth,15.9761,15.1956,0.9511,,,,,,
suite106,synth-matlstm-b,synth,53.9685,51.2121,0.9489,,,,,,
topconfs,tc000-w5,5,0.1589,0.1715,1.0793,0.1713,stage1_pjrt_ms,,,,
topconfs,tc001-w7,7,0.6286,0.6508,1.0353,0.6537,stage1_pjrt_ms,,,,
topconfs,tc002-w8,8,0.2091,0.2236,1.0693,0.2244,stage1_pjrt_ms,,,,
topconfs,tc003-w10,10,0.2146,0.2282,1.0634,0.2274,stage1_pjrt_ms,,,,
topconfs,tc004-w11,11,0.3372,0.3471,1.0294,0.3495,stage1_pjrt_ms,,,,
topconfs,tc005-w12,12,0.261,0.2702,1.0352,0.2734,stage1_pjrt_ms,,,,
topconfs,tc006-w13,13,0.3355,0.3503,1.0441,0.3475,stage1_pjrt_ms,,,,
topconfs,tc007-w14,14,0.3059,0.3237,1.0582,0.3252,stage1_pjrt_ms,,,,
topconfs,tc008-w15,15,0.5007,0.5153,1.0292,0.5086,stage1_pjrt_ms,,,,
topconfs,tc009-w16,16,1.036,1.026,0.9903,1.0341,stage1_pjrt_ms,,,,
topconfs,tc010-w17,17,0.6363,0.6358,0.9992,0.6365,stage1_pjrt_ms,,,,
topconfs,tc011-w18,18,0.3226,0.3334,1.0335,0.3405,stage1_pjrt_ms,,,,
topconfs,tc012-w20,20,0.5756,0.5753,0.9995,0.5833,stage1_pjrt_ms,,,,
topconfs,tc013-w22,22,0.5146,0.5103,0.9916,0.5134,stage1_pjrt_ms,,,,
topconfs,tc014-w23,23,0.8662,0.8604,0.9933,0.8638,stage1_pjrt_ms,,,,
topconfs,tc015-w24,24,0.8793,0.8759,0.9961,0.8769,stage1_pjrt_ms,,,,
topconfs,tc016-w25,25,0.4374,0.4466,1.021,0.4492,stage1_pjrt_ms,,,,
topconfs,tc017-w26,26,0.4423,0.4485,1.014,0.4541,stage1_pjrt_ms,,,,
topconfs,tc018-w27,27,1.5718,1.5731,1.0008,1.5709,stage1_pjrt_ms,,,,
topconfs,tc019-w28,28,0.8987,0.8977,0.9989,0.8992,stage1_pjrt_ms,,,,
topconfs,tc020-w29,29,0.9713,0.9679,0.9965,0.9665,stage1_pjrt_ms,,,,
topconfs,tc021-w31,31,1.4217,1.4314,1.0068,1.4311,stage1_pjrt_ms,,,,
topconfs,tc022-w32,32,0.8121,0.815,1.0036,0.8074,stage1_pjrt_ms,,,,
topconfs,tc023-w34,34,0.7245,0.7256,1.0015,0.7225,stage1_pjrt_ms,,,,
topconfs,tc024-w35,35,0.8666,0.8498,0.9806,0.8496,stage1_pjrt_ms,,,,
topconfs,tc025-w40,40,0.6483,0.6219,0.9593,0.6222,stage1_pjrt_ms,,,,
topconfs,tc026-w41,41,0.7582,0.7526,0.9926,0.7547,stage1_pjrt_ms,,,,
topconfs,tc027-w42,42,1.0269,1.0355,1.0084,1.0271,stage1_pjrt_ms,,,,
topconfs,tc028-w44,44,1.0303,1.0355,1.005,1.0352,stage1_pjrt_ms,,,,
topconfs,tc029-w47,47,1.8716,1.6701,0.8923,1.6662,stage1_pjrt_ms,,,,
topconfs,tc030-w49,49,2.0187,2.0355,1.0083,2.0338,stage1_pjrt_ms,,,,
topconfs,tc031-w52,52,1.0912,1.0592,0.9707,1.0599,stage1_pjrt_ms,,,,
topconfs,tc032-w55,55,1.3073,1.3043,0.9977,1.2986,stage1_pjrt_ms,,,,
topconfs,tc033-w57,57,2.4075,2.418,1.0044,2.41,stage1_pjrt_ms,,,,
topconfs,tc034-w59,59,3.1363,3.1501,1.0044,3.1486,stage1_pjrt_ms,,,,
topconfs,tc035-w65,65,3.5654,3.5645,0.9997,3.5637,stage1_pjrt_ms,,,,
topconfs,tc036-w69,69,2.4539,2.4351,0.9923,2.4386,stage1_pjrt_ms,,,,
topconfs,tc037-w73,73,2.4218,2.4154,0.9974,2.4105,stage1_pjrt_ms,,,,
topconfs,tc038-w75,75,2.5123,2.4859,0.9895,2.5013,stage1_pjrt_ms,,,,
topconfs,tc039-w77,77,2.3752,2.3867,1.0048,2.3832,stage1_pjrt_ms,,,,
topconfs,tc040-w79,79,2.5447,2.5432,0.9994,2.5361,stage1_pjrt_ms,,,,
topconfs,tc041-w80,80,2.4668,2.4655,0.9995,2.4591,stage1_pjrt_ms,,,,
topconfs,tc042-w84,84,6.6599,6.6402,0.997,6.6322,stage1_pjrt_ms,,,,
topconfs,tc043-w85,85,5.4875,5.4893,1.0003,5.5019,stage1_pjrt_ms,,,,
topconfs,tc044-w87,87,5.5022,5.501,0.9998,5.5003,stage1_pjrt_ms,,,,
topconfs,tc045-w93,93,2.517,2.5166,0.9998,2.5081,stage1_pjrt_ms,,,,
topconfs,tc046-w97,97,2.4609,2.4574,0.9986,2.4487,stage1_pjrt_ms,,,,
topconfs,tc047-w101,101,2.4834,2.4725,0.9956,2.4875,stage1_pjrt_ms,,,,
topconfs,tc048-w105,105,0.5697,0.564,0.99,0.5642,stage1_pjrt_ms,,,,
topconfs,tc049-w113,113,0.5269,0.5266,0.9994,0.5316,stage1_pjrt_ms,,,,
topconfs,tc050-w117,117,0.5751,0.5636,0.98,0.5683,stage1_pjrt_ms,,,,
topconfs,tc051-w121,121,0.4066,0.4099,1.0081,0.4141,stage1_pjrt_ms,,,,
topconfs,tc052-w124,124,0.9835,1.0021,1.0189,0.9971,stage1_pjrt_ms,,,,
topconfs,tc053-w125,125,0.4516,0.4518,1.0004,0.4553,stage1_pjrt_ms,,,,
topconfs,tc054-w129,129,0.5313,0.5293,0.9962,0.5344,stage1_pjrt_ms,,,,
topconfs,tc055-w133,133,0.6016,0.5841,0.9709,0.5847,stage1_pjrt_ms,,,,
topconfs,tc056-w141,141,0.6693,0.6486,0.9691,0.6501,stage1_pjrt_ms,,,,
topconfs,tc057-w145,145,0.4738,0.4707,0.9935,0.4721,stage1_pjrt_ms,,,,
topconfs,tc058-w149,149,0.4759,0.4778,1.004,0.4833,stage1_pjrt_ms,,,,
topconfs,tc059-w153,153,0.544,0.5453,1.0024,0.5477,stage1_pjrt_ms,,,,
topconfs,tc060-w159,159,0.6685,0.6503,0.9728,0.6546,stage1_pjrt_ms,,,,
topconfs,tc061-w161,161,0.7148,0.7163,1.0021,0.7185,stage1_pjrt_ms,,,,
topconfs,tc062-w169,169,0.5645,0.5629,0.9972,0.5656,stage1_pjrt_ms,,,,
topconfs,tc063-w176,176,1.7026,1.6595,0.9747,1.6873,stage1_pjrt_ms,,,,
topconfs,tc064-w185,185,0.4671,0.4652,0.9959,0.4667,stage1_pjrt_ms,,,,
topconfs,tc065-w193,193,0.8726,0.8518,0.9762,0.8481,stage1_pjrt_ms,,,,
topconfs,tc066-w196,196,0.7492,0.747,0.9971,0.7492,stage1_pjrt_ms,,,,
topconfs,tc067-w204,204,0.4283,0.4385,1.0238,0.4395,stage1_pjrt_ms,,,,
topconfs,tc068-w207,207,0.4116,0.4199,1.0202,0.4226,stage1_pjrt_ms,,,,
topconfs,tc069-w213,213,0.2927,0.3008,1.0277,0.3012,stage1_pjrt_ms,,,,
topconfs,tc070-w215,215,0.3423,0.3445,1.0064,0.3499,stage1_pjrt_ms,,,,
topconfs,tc071-w217,217,0.335,0.3424,1.0221,0.3471,stage1_pjrt_ms,,,,
topconfs,tc072-w221,221,0.4023,0.3987,0.9911,0.4052,stage1_pjrt_ms,,,,
topconfs,tc073-w223,223,0.6886,0.6999,1.0164,0.6967,stage1_pjrt_ms,,,,
topconfs,tc074-w227,227,0.4391,0.4552,1.0367,0.4553,stage1_pjrt_ms,,,,
topconfs,tc075-w229,229,0.4572,0.4605,1.0072,0.4608,stage1_pjrt_ms,,,,
topconfs,tc076-w231,231,0.354,0.3587,1.0133,0.3607,stage1_pjrt_ms,,,,
topconfs,tc077-w233,233,0.3361,0.3413,1.0155,0.3448,stage1_pjrt_ms,,,,
topconfs,tc078-w237,237,0.3284,0.3337,1.0161,0.3346,stage1_pjrt_ms,,,,
topconfs,tc079-w243,243,0.6825,0.6919,1.0138,0.6951,stage1_pjrt_ms,,,,
topconfs,tc080-w245,245,1.8826,1.8933,1.0057,1.8929,stage1_pjrt_ms,,,,
topconfs,tc081-w247,247,0.3263,0.3337,1.0227,0.3354,stage1_pjrt_ms,,,,
topconfs,tc082-w263,263,0.447,0.4596,1.0282,0.4607,stage1_pjrt_ms,,,,
topconfs,tc083-w265,265,0.5264,0.5258,0.9989,0.5296,stage1_pjrt_ms,,,,
topconfs,tc084-w267,267,0.5832,0.5811,0.9964,0.5794,stage1_pjrt_ms,,,,
topconfs,tc085-w287,287,0.639,0.6297,0.9854,0.6284,stage1_pjrt_ms,,,,
topconfs,tc086-w303,303,0.6268,0.6093,0.9721,0.6053,stage1_pjrt_ms,,,,
topconfs,tc087-w307,307,0.7566,0.7208,0.9527,0.7206,stage1_pjrt_ms,,,,
topconfs,tc088-w327,327,0.7364,0.7224,0.981,0.7288,stage1_pjrt_ms,,,,
topconfs,tc089-w343,343,0.8363,0.7984,0.9547,0.7995,stage1_pjrt_ms,,,,
topconfs,tc090-w345,345,0.8131,0.7679,0.9444,0.7818,stage1_pjrt_ms,,,,
topconfs,tc091-w359,359,0.8198,0.8081,0.9857,0.8069,stage1_pjrt_ms,,,,
topconfs,tc092-w361,361,0.493,0.4894,0.9927,0.4925,stage1_pjrt_ms,,,,
topconfs,tc093-w363,363,0.8643,0.8264,0.9561,0.819,stage1_pjrt_ms,,,,
topconfs,tc094-w380,380,4.4586,4.4951,1.0082,4.416,stage1_pjrt_ms,,,,
topconfs,tc095-w397,397,0.5121,0.5188,1.0131,0.5196,stage1_pjrt_ms,,,,
topconfs,tc096-w400,400,1.0297,1.0305,1.0008,1.028,stage1_pjrt_ms,,,,
topconfs,tc097-w405,405,0.6054,0.5856,0.9673,0.5838,stage1_pjrt_ms,,,,
topconfs,tc098-w416,416,0.9644,0.963,0.9985,0.9573,stage1_pjrt_ms,,,,
topconfs,tc099-w420,420,0.9847,0.9798,0.995,0.9724,stage1_pjrt_ms,,,,
topconfs,tc100-w423,423,1.1304,1.1277,0.9976,1.1318,stage1_pjrt_ms,,,,
topconfs,tc101-w432,432,1.0433,1.0478,1.0043,1.0441,stage1_pjrt_ms,,,,
topconfs,tc102-w451,451,0.3247,0.3434,1.0576,0.3382,stage1_pjrt_ms,,,,
topconfs,tc103-w455,455,1.14,1.1385,0.9987,1.1392,stage1_pjrt_ms,,,,
topconfs,tc104-w459,459,0.3431,0.3517,1.0251,0.3529,stage1_pjrt_ms,,,,
topconfs,tc105-w472,472,2.2788,2.2759,0.9987,2.2469,stage1_pjrt_ms,,,,
topconfs,tc106-w474,474,3.7317,3.7249,0.9982,3.734,stage1_pjrt_ms,,,,
topconfs,tc107-w499,499,0.523,0.5199,0.9941,0.5205,stage1_pjrt_ms,,,,
topconfs,tc108-w510,510,7.9159,7.8552,0.9923,7.8683,stage1_pjrt_ms,,,,
topconfs,tc109-w515,515,4.0226,4.0348,1.003,4.0402,stage1_pjrt_ms,,,,
topconfs,tc110-w584,584,1.2981,1.2731,0.9807,1.1493,stage1_pjrt_ms,,,,
topconfs,tc111-w586,586,4.0263,3.9737,0.9869,3.9718,stage1_pjrt_ms,,,,
topconfs,tc112-w587,587,2.2357,2.2606,1.0111,2.2607,stage1_pjrt_ms,,,,
topconfs,tc113-w626,626,0.4823,0.4713,0.9772,0.472,stage1_pjrt_ms,,,,
topconfs,tc114-w667,667,0.4757,0.4672,0.9821,0.4661,stage1_pjrt_ms,,,,
topconfs,tc115-w746,746,0.5589,0.542,0.9698,0.5362,stage1_pjrt_ms,,,,
topconfs,tc116-w754,754,0.5513,0.5432,0.9853,0.5394,stage1_pjrt_ms,,,,
topconfs,tc117-w762,762,0.5988,0.5913,0.9875,0.5846,stage1_pjrt_ms,,,,
topconfs,tc118-w834,834,0.659,0.646,0.9803,0.6411,stage1_pjrt_ms,,,,
topconfs,tc119-w845,845,1.3613,1.3469,0.9894,1.3657,stage1_pjrt_ms,,,,
topconfs,tc120-w875,875,0.6237,0.617,0.9893,0.6094,stage1_pjrt_ms,,,,
topconfs,tc121-w896,896,0.571,0.5436,0.952,0.54,stage1_pjrt_ms,,,,
topconfs,tc122-w898,898,0.689,0.6526,0.9472,0.646,stage1_pjrt_ms,,,,
topconfs,tc123-w918,918,0.5304,0.5172,0.9751,0.5163,stage1_pjrt_ms,,,,
topconfs,tc124-w944,944,14.696,14.5336,0.9889,13.8552,stage1_pjrt_ms,,,,
topconfs,tc125-w1024,1024,0.633,0.6168,0.9744,0.6092,stage1_pjrt_ms,,,,
topconfs,tc126-w1088,1088,0.3931,0.3976,1.0114,0.3925,stage1_pjrt_ms,,,,
topconfs,tc127-w1104,1104,0.4719,0.4634,0.982,0.4564,stage1_pjrt_ms,,,,
topconfs,tc128-w1152,1152,0.5804,0.5717,0.985,0.5659,stage1_pjrt_ms,,,,
topconfs,tc129-w1216,1216,7.3714,7.3864,1.002,7.3549,stage1_pjrt_ms,,,,
topconfs,tc130-w1264,1264,7.4059,7.3174,0.9881,7.36,stage1_pjrt_ms,,,,
topconfs,tc131-w1288,1288,1.3607,1.3486,0.9911,1.3649,stage1_pjrt_ms,,,,
topconfs,tc132-w1304,1304,1.9987,1.9306,0.9659,1.9266,stage1_pjrt_ms,,,,
topconfs,tc133-w1314,1314,4.6477,4.6346,0.9972,4.643,stage1_pjrt_ms,,,,
topconfs,tc134-w1344,1344,0.5194,0.5345,1.0291,0.5339,stage1_pjrt_ms,,,,
topconfs,tc135-w1360,1360,0.5842,0.5828,0.9976,0.5825,stage1_pjrt_ms,,,,
topconfs,tc136-w1488,1488,1.0533,1.0403,0.9877,1.0569,stage1_pjrt_ms,,,,
topconfs,tc137-w1552,1552,1.5141,1.4881,0.9828,1.5116,stage1_pjrt_ms,,,,
topconfs,tc138-w1600,1600,18.7731,18.7982,1.0013,18.7804,stage1_pjrt_ms,,,,
topconfs,tc139-w1616,1616,0.6969,0.6957,0.9983,0.6982,stage1_pjrt_ms,,,,
topconfs,tc140-w1696,1696,1.2548,1.2439,0.9913,1.2753,stage1_pjrt_ms,,,,
topconfs,tc141-w1752,1752,0.7303,0.699,0.9571,0.6922,stage1_pjrt_ms,,,,
topconfs,tc142-w1832,1832,1.4776,1.439,0.9739,1.4356,stage1_pjrt_ms,,,,
topconfs,tc143-w1844,1844,1.3014,1.4017,1.0771,1.3211,stage1_pjrt_ms,,,,
topconfs,tc144-w1872,1872,0.5984,0.634,1.0595,0.6321,stage1_pjrt_ms,,,,
topconfs,tc145-w1888,1888,0.9951,0.9945,0.9994,0.9997,stage1_pjrt_ms,,,,
topconfs,tc146-w1904,1904,0.6604,0.6601,0.9995,0.6587,stage1_pjrt_ms,,,,
topconfs,tc147-w1920,1920,0.7214,0.7119,0.9868,0.6991,stage1_pjrt_ms,,,,
topconfs,tc148-w2016,2016,1.2117,1.1968,0.9877,1.2126,stage1_pjrt_ms,,,,
topconfs,tc149-w2056,2056,0.6279,0.6274,0.9992,0.6268,stage1_pjrt_ms,,,,
topconfs,tc150-w2080,2080,0.9232,0.9183,0.9947,0.9266,stage1_pjrt_ms,,,,
topconfs,tc151-w2144,2144,0.6839,0.6847,1.0012,0.6836,stage1_pjrt_ms,,,,
topconfs,tc152-w2160,2160,1.4425,1.4304,0.9916,1.4583,stage1_pjrt_ms,,,,
topconfs,tc153-w2245,2245,0.6512,0.6545,1.0051,0.6556,stage1_pjrt_ms,,,,
topconfs,tc154-w2256,2256,0.4667,0.4627,0.9914,0.4572,stage1_pjrt_ms,,,,
topconfs,tc155-w2272,2272,0.575,0.5568,0.9683,0.548,stage1_pjrt_ms,,,,
topconfs,tc156-w2336,2336,0.7418,0.7351,0.991,0.7344,stage1_pjrt_ms,,,,
topconfs,tc157-w2400,2400,0.3762,0.3738,0.9936,0.3684,stage1_pjrt_ms,,,,
topconfs,tc158-w2416,2416,0.4858,0.4854,0.9992,0.4753,stage1_pjrt_ms,,,,
topconfs,tc159-w2656,2656,0.9803,0.9703,0.9898,0.9778,stage1_pjrt_ms,,,,
topconfs,tc160-w2778,2778,0.7165,0.7266,1.0141,0.7239,stage1_pjrt_ms,,,,
topconfs,tc161-w2784,2784,0.7094,0.7073,0.997,0.7085,stage1_pjrt_ms,,,,
topconfs,tc162-w2928,2928,0.5976,0.5991,1.0025,0.5969,stage1_pjrt_ms,,,,
