suite,name,cls,stage1_ms,native_ms,native_over_stage1
suite106,big00-b32l128,big,11.3477,10.2396,0.9024
suite106,big00-b8l256,big,17.4007,17.3996,0.9999
suite106,big01-b32l128,big,19.8111,19.7895,0.9989
suite106,big01-b8l256,big,36.8239,39.3272,1.068
suite106,big02-b32l128,big,17.0112,17.0105,1.0
suite106,big02-b8l256,big,32.0661,32.0519,0.9996
suite106,big03-b32l128,big,18.1899,18.2041,1.0008
suite106,big03-b8l256,big,32.6131,32.6798,1.002
suite106,big04-b32l128,big,18.2897,18.2622,0.9985
suite106,big04-b8l256,big,32.6686,32.6805,1.0004
suite106,big05-b32l128,big,18.9038,19.4744,1.0302
suite106,big05-b8l256,big,32.7462,32.7273,0.9994
suite106,big06-b32l128,big,18.765,19.6227,1.0457
suite106,big06-b8l256,big,32.9088,32.9024,0.9998
suite106,big07-b32l128,big,18.9798,20.1949,1.064
suite106,big07-b8l256,big,33.399,34.7147,1.0394
suite106,big08-b32l128,big,26.9228,27.0263,1.0038
suite106,big08-b8l256,big,43.3126,43.2478,0.9985
suite106,big09-b32l128,big,23.8769,20.8539,0.8734
suite106,big09-b8l256,big,38.4039,25.3585,0.6603
suite106,big10-b32l128,big,60.0906,61.5281,1.0239
suite106,big10-b8l256,big,72.8359,74.0272,1.0164
suite106,big11-b32l128,big,35.902,42.3046,1.1783
suite106,big11-b8l256,big,64.9454,64.9329,0.9998
suite106,big12-b32l128,big,11.3716,9.9344,0.8736
suite106,big12-b8l256,big,5.5006,6.0016,1.0911
suite106,big13-b32l128,big,68.4399,72.5117,1.0595
suite106,big13-b8l256,big,92.3811,98.1776,1.0627
suite106,big14-b32l128,big,19.5794,22.3712,1.1426
suite106,big14-b8l256,big,11.1711,12.349,1.1054
suite106,big15-b32l128,big,71.1648,75.8507,1.0658
suite106,big15-b8l256,big,77.7205,79.964,1.0289
suite106,big16-b32l128,big,60.7045,67.0918,1.1052
suite106,big16-b8l256,big,88.7985,95.6089,1.0767
suite106,db00-b16l128,db,0.1439,0.1432,0.9951
suite106,db00-b64l256,db,0.2091,0.2106,1.0072
suite106,db01-b256l512,db,1.3374,1.3383,1.0007
suite106,db01-b64l256,db,0.2352,0.2345,0.997
suite106,db02-b256l512,db,3.4321,3.4427,1.0031
suite106,db02-b4l1024,db,0.7906,0.7893,0.9984
suite106,db03-b128l128,db,1.1646,1.1657,1.0009
suite106,db03-b4l1024,db,0.8159,0.812,0.9952
suite106,db04-b128l128,db,0.2969,0.2984,1.0051
suite106,db04-b16l128,db,0.2201,0.2199,0.9991
suite106,db05-b16l128,db,0.7088,0.7105,1.0024
suite106,db05-b64l256,db,1.4343,1.4282,0.9957
suite106,db06-b256l512,db,10.9499,10.9403,0.9991
suite106,db06-b64l256,db,1.459,1.4598,1.0005
suite106,db07-b256l512,db,16.0846,15.9905,0.9941
suite106,db07-b4l1024,db,24.2268,24.3202,1.0039
suite106,db08-b128l128,db,3.6722,3.6765,1.0012
suite106,db08-b4l1024,db,24.2695,24.2674,0.9999
suite106,db09-b128l128,db,1.4041,1.4151,1.0078
suite106,db09-b16l128,db,0.3838,0.3907,1.018
suite106,db10-b16l128,db,3.5175,3.5109,0.9981
suite106,db10-b64l256,db,7.4184,7.4147,0.9995
suite106,db11-b256l512,db,2.1772,2.1796,1.0011
suite106,db11-b64l256,db,0.6362,0.639,1.0044
suite106,db12-b256l512,db,100.9682,101.1311,1.0016
suite106,db12-b4l1024,db,135.4484,135.0052,0.9967
suite106,db13-b128l128,db,0.6398,0.6456,1.0091
suite106,db13-b4l1024,db,1.8752,1.8928,1.0094
suite106,db14-b128l128,db,0.733,0.7345,1.002
suite106,db14-b16l128,db,0.5604,0.5601,0.9995
suite106,db15-b16l128,db,0.6179,0.62,1.0034
suite106,db15-b64l256,db,1.2846,1.2868,1.0017
suite106,db16-b256l512,db,4.4774,4.4737,0.9992
suite106,db16-b64l256,db,1.0771,1.0835,1.0059
suite106,db17-b256l512,db,7.2868,7.2887,1.0003
suite106,db17-b4l1024,db,5.6997,5.6821,0.9969
suite106,db18-b128l128,db,1.5956,1.5979,1.0014
suite106,db18-b4l1024,db,7.2213,7.2196,0.9998
suite106,db19-b128l128,db,1.6645,1.671,1.0039
suite106,db19-b16l128,db,1.1695,1.1611,0.9928
suite106,mid00-b16l256,mid,4.6178,4.6103,0.9984
suite106,mid00-b64l128,mid,2.662,2.6654,1.0013
suite106,mid01-b16l256,mid,1.6109,1.6175,1.0041
suite106,mid01-b64l128,mid,2.0157,2.007,0.9957
suite106,mid02-b16l256,mid,1.326,1.334,1.006
suite106,mid02-b64l128,mid,1.1309,1.1237,0.9936
suite106,mid03-b16l256,mid,7.2941,7.2983,1.0006
suite106,mid03-b64l128,mid,4.0006,3.9979,0.9993
suite106,mid04-b16l256,mid,4.8918,4.9186,1.0055
suite106,mid04-b64l128,mid,3.1125,3.1128,1.0001
suite106,mid05-b16l256,mid,1.9432,1.9387,0.9977
suite106,mid05-b64l128,mid,2.6242,2.629,1.0018
suite106,mid06-b16l256,mid,9.484,9.457,0.9972
suite106,mid06-b64l128,mid,5.8888,5.8754,0.9977
suite106,mid07-b16l256,mid,1.6784,1.6871,1.0052
suite106,mid07-b64l128,mid,2.9426,2.946,1.0012
suite106,mid08-b16l256,mid,7.0406,7.058,1.0025
suite106,mid08-b64l128,mid,4.7341,4.7467,1.0027
suite106,mid09-b16l256,mid,12.7241,12.7063,0.9986
suite106,mid09-b64l128,mid,8.1559,8.1272,0.9965
suite106,mid10-b16l256,mid,12.7445,12.7488,1.0003
suite106,mid10-b64l128,mid,8.1066,8.13,1.0029
suite106,mid11-b16l256,mid,12.9837,13.0064,1.0017
suite106,mid11-b64l128,mid,8.7663,8.6458,0.9863
suite106,mid12-b16l256,mid,17.2607,17.2575,0.9998
suite106,mid12-b64l128,mid,11.0496,11.3317,1.0255
suite106,mid13-b16l256,mid,4.1344,4.1972,1.0152
suite106,mid13-b64l128,mid,6.7349,6.9558,1.0328
suite106,mid14-b16l256,mid,94.8544,96.1162,1.0133
suite106,mid14-b64l128,mid,51.8169,52.6691,1.0164
suite106,synth-matlstm-a,synth,15.2365,15.4297,1.0127
suite106,synth-matlstm-b,synth,52.0032,51.9857,0.9997
topconfs,tc000-w5,,0.1694,0.1694,1.0
topconfs,tc001-w7,,0.6519,0.6507,0.9982
topconfs,tc002-w8,,0.2246,0.2213,0.9853
topconfs,tc003-w10,,0.2258,0.2221,0.9836
topconfs,tc004-w11,,0.3478,0.3471,0.998
topconfs,tc005-w12,,0.2737,0.2705,0.9883
topconfs,tc006-w13,,0.3466,0.3461,0.9986
topconfs,tc007-w14,,0.3215,0.321,0.9984
topconfs,tc008-w15,,0.5056,0.5077,1.0042
topconfs,tc009-w16,,1.0314,0.9157,0.8878
topconfs,tc010-w17,,0.6353,0.6352,0.9998
topconfs,tc011-w18,,0.3388,0.3374,0.9959
topconfs,tc012-w20,,0.5762,0.5782,1.0035
topconfs,tc013-w22,,0.5117,0.5127,1.002
topconfs,tc014-w23,,0.858,0.8631,1.0059
topconfs,tc015-w24,,0.8766,0.8771,1.0006
topconfs,tc016-w25,,0.4498,0.4453,0.99
topconfs,tc017-w26,,0.4557,0.4443,0.975
topconfs,tc018-w27,,1.574,1.5718,0.9986
topconfs,tc019-w28,,0.8945,0.8967,1.0025
topconfs,tc020-w29,,0.9652,0.9661,1.0009
topconfs,tc021-w31,,1.4229,1.4255,1.0018
topconfs,tc022-w32,,0.8142,0.8162,1.0025
topconfs,tc023-w34,,0.7237,0.7232,0.9993
topconfs,tc024-w35,,0.8498,0.8536,1.0045
topconfs,tc025-w40,,0.6221,0.621,0.9982
topconfs,tc026-w41,,0.748,0.7528,1.0064
topconfs,tc027-w42,,1.0329,1.0328,0.9999
topconfs,tc028-w44,,1.0354,1.0362,1.0008
topconfs,tc029-w47,,1.6653,1.6585,0.9959
topconfs,tc030-w49,,2.0445,2.0459,1.0007
topconfs,tc031-w52,,1.0582,1.06,1.0017
topconfs,tc032-w55,,1.304,1.3051,1.0008
topconfs,tc033-w57,,2.4308,2.412,0.9923
topconfs,tc034-w59,,3.1367,3.158,1.0068
topconfs,tc035-w65,,3.5543,3.5719,1.005
topconfs,tc036-w69,,2.441,2.4337,0.997
topconfs,tc037-w73,,2.4178,2.4242,1.0026
topconfs,tc038-w75,,2.4828,2.491,1.0033
topconfs,tc039-w77,,2.3855,2.3846,0.9996
topconfs,tc040-w79,,2.5321,2.5553,1.0092
topconfs,tc041-w80,,2.4582,2.4608,1.0011
topconfs,tc042-w84,,6.609,6.6434,1.0052
topconfs,tc043-w85,,5.4669,5.4836,1.0031
topconfs,tc044-w87,,5.4848,5.4991,1.0026
topconfs,tc045-w93,,2.4899,2.5357,1.0184
topconfs,tc046-w97,,2.4494,2.4667,1.0071
topconfs,tc047-w101,,2.4839,2.4871,1.0013
topconfs,tc048-w105,,0.559,0.556,0.9946
topconfs,tc049-w113,,0.5254,0.5252,0.9996
topconfs,tc050-w117,,0.5651,0.5608,0.9924
topconfs,tc051-w121,,0.4102,0.4041,0.9851
topconfs,tc052-w124,,1.0029,0.9982,0.9953
topconfs,tc053-w125,,0.4541,0.4533,0.9982
topconfs,tc054-w129,,0.5319,0.5277,0.9921
topconfs,tc055-w133,,0.5877,0.5784,0.9842
topconfs,tc056-w141,,0.6486,0.6492,1.0009
topconfs,tc057-w145,,0.4689,0.4681,0.9983
topconfs,tc058-w149,,0.4797,0.4791,0.9987
topconfs,tc059-w153,,0.5413,0.5478,1.012
topconfs,tc060-w159,,0.646,0.6457,0.9995
topconfs,tc061-w161,,0.7165,0.7157,0.9989
topconfs,tc062-w169,,0.5668,0.5683,1.0026
topconfs,tc063-w176,,1.6932,1.6867,0.9962
topconfs,tc064-w185,,0.4625,0.466,1.0076
topconfs,tc065-w193,,0.8509,0.8478,0.9964
topconfs,tc066-w196,,0.747,0.7492,1.0029
topconfs,tc067-w204,,0.4343,0.4385,1.0097
topconfs,tc068-w207,,0.4239,0.4291,1.0123
topconfs,tc069-w213,,0.3009,0.3001,0.9973
topconfs,tc070-w215,,0.3447,0.3495,1.0139
topconfs,tc071-w217,,0.3413,0.344,1.0079
topconfs,tc072-w221,,0.4007,0.4054,1.0117
topconfs,tc073-w223,,0.7016,0.6982,0.9952
topconfs,tc074-w227,,0.4551,0.4548,0.9993
topconfs,tc075-w229,,0.4602,0.462,1.0039
topconfs,tc076-w231,,0.3573,0.3601,1.0078
topconfs,tc077-w233,,0.3395,0.3445,1.0147
topconfs,tc078-w237,,0.3333,0.3386,1.0159
topconfs,tc079-w243,,0.6963,0.6944,0.9973
topconfs,tc080-w245,,1.895,1.8953,1.0002
topconfs,tc081-w247,,0.3302,0.334,1.0115
topconfs,tc082-w263,,0.4617,0.4628,1.0024
topconfs,tc083-w265,,0.5267,0.5309,1.008
topconfs,tc084-w267,,0.5814,0.5835,1.0036
topconfs,tc085-w287,,0.6274,0.6317,1.0069
topconfs,tc086-w303,,0.6084,0.6095,1.0018
topconfs,tc087-w307,,0.7153,0.7194,1.0057
topconfs,tc088-w327,,0.7257,0.735,1.0128
topconfs,tc089-w343,,0.8001,0.8,0.9999
topconfs,tc090-w345,,0.7711,0.7717,1.0008
topconfs,tc091-w359,,0.8055,0.8101,1.0057
topconfs,tc092-w361,,0.4882,0.4938,1.0115
topconfs,tc093-w363,,0.8225,0.8253,1.0034
topconfs,tc094-w380,,4.4505,4.4887,1.0086
topconfs,tc095-w397,,0.5148,0.5245,1.0188
topconfs,tc096-w400,,1.0303,1.0309,1.0006
topconfs,tc097-w405,,0.5798,0.5972,1.03
topconfs,tc098-w416,,0.9621,0.961,0.9989
topconfs,tc099-w420,,0.9676,0.9772,1.0099
topconfs,tc100-w423,,1.1297,1.13,1.0003
topconfs,tc101-w432,,1.0465,1.0477,1.0011
topconfs,tc102-w451,,0.3345,0.3457,1.0335
topconfs,tc103-w455,,1.1413,1.1377,0.9968
topconfs,tc104-w459,,0.3507,0.3515,1.0023
topconfs,tc105-w472,,2.2469,2.2695,1.0101
topconfs,tc106-w474,,3.7029,3.7124,1.0026
topconfs,tc107-w499,,0.5207,0.5221,1.0027
topconfs,tc108-w510,,7.8595,7.8529,0.9992
topconfs,tc109-w515,,4.0437,4.035,0.9978
topconfs,tc110-w584,,1.2715,1.2707,0.9994
topconfs,tc111-w586,,3.9719,3.9716,0.9999
topconfs,tc112-w587,,2.2599,2.2588,0.9995
topconfs,tc113-w626,,0.4691,0.4829,1.0294
topconfs,tc114-w667,,0.464,0.4696,1.0121
topconfs,tc115-w746,,0.5369,0.5434,1.0121
topconfs,tc116-w754,,0.5404,0.5526,1.0226
topconfs,tc117-w762,,0.5835,0.5941,1.0182
topconfs,tc118-w834,,0.6392,0.6488,1.015
topconfs,tc119-w845,,1.3647,1.3622,0.9982
topconfs,tc120-w875,,0.6101,0.614,1.0064
topconfs,tc121-w896,,0.5395,0.5456,1.0113
topconfs,tc122-w898,,0.6443,0.658,1.0213
topconfs,tc123-w918,,0.5154,0.5195,1.008
topconfs,tc124-w944,,14.6244,14.5401,0.9942
topconfs,tc125-w1024,,0.6037,0.6193,1.0258
topconfs,tc126-w1088,,0.3933,0.4,1.017
topconfs,tc127-w1104,,0.4543,0.4615,1.0158
topconfs,tc128-w1152,,0.5661,0.5706,1.0079
topconfs,tc129-w1216,,7.3579,7.3737,1.0021
topconfs,tc130-w1264,,7.3369,7.2815,0.9924
topconfs,tc131-w1288,,1.3618,1.3591,0.998
topconfs,tc132-w1304,,1.9282,1.9301,1.001
topconfs,tc133-w1314,,4.6455,4.6701,1.0053
topconfs,tc134-w1344,,0.5353,0.5347,0.9989
topconfs,tc135-w1360,,0.5836,0.5817,0.9967
topconfs,tc136-w1488,,1.0587,0.9901,0.9352
topconfs,tc137-w1552,,1.5116,1.5126,1.0007
topconfs,tc138-w1600,,18.7839,18.7868,1.0002
topconfs,tc139-w1616,,0.6986,0.6985,0.9999
topconfs,tc140-w1696,,1.2764,1.2768,1.0003
topconfs,tc141-w1752,,0.6935,0.7008,1.0105
topconfs,tc142-w1832,,1.4313,1.4395,1.0057
topconfs,tc143-w1844,,1.3225,1.3176,0.9963
topconfs,tc144-w1872,,0.6326,0.6334,1.0013
topconfs,tc145-w1888,,0.9984,0.999,1.0006
topconfs,tc146-w1904,,0.6599,0.6612,1.002
topconfs,tc147-w1920,,0.709,0.706,0.9958
topconfs,tc148-w2016,,1.2142,1.2113,0.9976
topconfs,tc149-w2056,,0.6277,0.6277,1.0
topconfs,tc150-w2080,,0.9255,0.9242,0.9986
topconfs,tc151-w2144,,0.685,0.6852,1.0003
topconfs,tc152-w2160,,1.4583,1.456,0.9984
topconfs,tc153-w2245,,0.6564,0.6556,0.9988
topconfs,tc154-w2256,,0.4602,0.4607,1.0011
topconfs,tc155-w2272,,0.5521,0.5571,1.0091
topconfs,tc156-w2336,,0.737,0.7351,0.9974
topconfs,tc157-w2400,,0.3719,0.3691,0.9925
topconfs,tc158-w2416,,0.479,0.4808,1.0038
topconfs,tc159-w2656,,0.9809,0.9815,1.0006
topconfs,tc160-w2778,,0.7231,0.726,1.004
topconfs,tc161-w2784,,0.7073,0.7081,1.0011
topconfs,tc162-w2928,,0.5981,0.5978,0.9995
