name,stage1_pjrt_ms,stage1_engine_ms,native_ms,native_over_stage1_pjrt,cpu_ms,anchor_metal_ms,anchor_cpu_ms,anchor_over_native
tc000-w5,0.1714,0.1598,0.1732,1.0105,0.0934,0.1659,0.0933,0.9579
tc001-w7,0.6587,0.639,0.6613,1.0039,0.4584,0.6312,0.4593,0.9545
tc002-w8,0.2296,0.208,0.2212,0.9634,0.036,0.2126,0.0366,0.9611
tc003-w10,0.2286,0.215,0.2249,0.9838,0.0121,0.2499,0.0117,1.1112
tc004-w11,0.349,0.341,0.3548,1.0166,0.0189,0.3471,0.0179,0.9783
tc005-w12,0.2773,0.2638,0.2742,0.9888,0.1165,0.31,0.1138,1.1306
tc006-w13,0.3556,0.3412,0.3571,1.0042,0.0849,0.3757,0.0833,1.0521
tc007-w14,0.3288,0.3152,0.322,0.9793,0.7574,0.3636,0.7504,1.1292
tc008-w15,0.5151,0.506,0.522,1.0134,0.1142,0.4823,0.112,0.9239
tc009-w16,0.9663,1.0313,1.0428,1.0792,0.1626,1.0313,0.1569,0.989
tc010-w17,0.6446,0.6346,0.6482,1.0056,0.2444,0.6083,0.2413,0.9384
tc011-w18,0.3461,0.3298,0.3404,0.9835,0.0295,0.3845,0.0312,1.1296
tc012-w20,0.5754,0.5784,0.582,1.0115,0.4943,0.5652,0.4852,0.9711
tc013-w22,0.5165,0.5209,0.5273,1.0209,0.0383,0.5251,0.0365,0.9958
tc014-w23,0.8731,0.8743,0.8785,1.0062,0.077,0.8749,0.0756,0.9959
tc015-w24,0.8824,0.8898,0.8936,1.0127,0.1168,0.8845,0.1187,0.9898
tc016-w25,0.4603,0.4485,0.4608,1.0011,0.0392,0.5145,0.0384,1.1165
tc017-w26,0.4632,0.4528,0.4632,1.0,0.0401,0.5176,0.0389,1.1174
tc018-w27,1.5865,1.5764,1.5834,0.998,0.1832,1.5892,0.1804,1.0037
tc019-w28,0.908,0.9067,0.9126,1.0051,0.108,0.91,0.1072,0.9972
tc020-w29,0.9738,0.9765,0.9805,1.0069,0.2116,0.977,0.2086,0.9964
tc021-w31,1.4327,1.4342,1.4437,1.0077,0.7177,1.4456,0.7051,1.0013
tc022-w32,0.8213,0.826,0.8287,1.009,0.2123,0.8239,0.215,0.9942
tc023-w34,0.7333,0.7338,0.7403,1.0095,0.2234,0.7285,0.2237,0.9841
tc024-w35,0.8573,0.8685,0.8646,1.0085,0.432,0.8608,0.4259,0.9956
tc025-w40,0.6299,0.6621,0.6389,1.0143,0.1166,0.7048,0.1166,1.1031
tc026-w41,0.7611,0.7679,0.7754,1.0188,0.2488,0.7632,0.2518,0.9843
tc027-w42,1.0311,1.0357,1.0403,1.0089,0.2367,1.0401,0.2372,0.9998
tc028-w44,1.031,1.0353,1.0452,1.0138,0.2587,1.0427,0.2574,0.9976
tc029-w47,1.6746,1.8876,1.693,1.011,0.2668,1.8899,0.2654,1.1163
tc030-w49,2.0438,2.019,2.0677,1.0117,0.2928,2.0134,0.2933,0.9737
tc031-w52,1.065,1.1016,1.0759,1.0102,0.2692,1.105,0.2703,1.027
tc032-w55,1.3075,1.3041,1.3161,1.0066,0.07,1.3221,0.0687,1.0046
tc033-w57,2.4337,2.4359,2.4497,1.0066,0.7756,2.4386,0.7607,0.9955
tc034-w59,3.1768,3.1508,3.203,1.0082,0.8105,3.1678,0.795,0.989
tc035-w65,3.5701,3.5854,3.6138,1.0122,0.8093,3.5819,0.7867,0.9912
tc036-w69,2.4683,2.4553,2.4669,0.9994,0.7617,2.4635,0.7473,0.9986
tc037-w73,2.4227,2.4374,2.4356,1.0053,0.158,2.4424,0.1603,1.0028
tc038-w75,2.5034,2.5065,2.5325,1.0116,0.8457,2.5106,0.8237,0.9914
tc039-w77,2.3891,2.388,2.4089,1.0083,1.3138,2.3931,1.2842,0.9934
tc040-w79,2.539,2.5428,2.5772,1.015,0.9016,2.5552,0.8774,0.9915
tc041-w80,2.45,2.4796,2.4754,1.0104,0.7261,2.4828,0.7135,1.003
tc042-w84,6.64,6.6761,6.6731,1.005,0.2894,6.8687,0.2874,1.0293
tc043-w85,5.4954,5.4913,5.5102,1.0027,0.1752,5.516,0.1725,1.0011
tc044-w87,5.5266,5.5231,5.536,1.0017,0.1763,5.5178,0.1738,0.9967
tc045-w93,2.526,2.5242,2.5209,0.998,0.8288,2.5341,0.8112,1.0052
tc046-w97,2.4776,2.4804,2.4877,1.0041,1.5581,2.4953,1.5243,1.0031
tc047-w101,2.4959,2.5067,2.5002,1.0017,1.5277,2.4974,1.5025,0.9989
tc048-w105,0.5854,0.5853,0.6101,1.0422,0.0583,0.6559,0.0567,1.0751
tc049-w113,0.5453,0.5322,0.5661,1.0381,0.1521,0.6147,0.1512,1.0859
tc050-w117,0.5871,0.5894,0.612,1.0424,0.1567,0.6553,0.1548,1.0708
tc051-w121,0.4209,0.4117,0.4293,1.02,0.0478,0.4682,0.047,1.0906
tc052-w124,1.0053,0.9872,1.0103,1.005,0.5286,0.9796,0.5204,0.9696
tc053-w125,0.47,0.4638,0.482,1.0255,0.0322,0.528,0.0317,1.0954
tc054-w129,0.5492,0.5446,0.5637,1.0264,0.0607,0.6214,0.0605,1.1024
tc055-w133,0.6065,0.6092,0.6241,1.029,0.0863,0.6888,0.086,1.1037
tc056-w141,0.6668,0.6928,0.6959,1.0436,0.3116,0.7446,0.3064,1.07
tc057-w145,0.4878,0.4882,0.5018,1.0287,0.1939,0.5461,0.1936,1.0883
tc058-w149,0.4882,0.4844,0.4989,1.0219,0.0315,0.5616,0.0312,1.1257
tc059-w153,0.5592,0.5602,0.5754,1.029,0.1097,0.6444,0.1097,1.1199
tc060-w159,0.6738,0.6817,0.6953,1.0319,0.1452,0.7778,0.1435,1.1187
tc061-w161,0.7383,0.7313,0.7713,1.0447,0.0944,0.8051,0.0932,1.0438
tc062-w169,0.5828,0.5803,0.6036,1.0357,0.0568,0.6497,0.0563,1.0764
tc063-w176,1.7215,1.7198,1.7183,0.9981,2.088,1.7097,2.1064,0.995
tc064-w185,0.4751,0.4753,0.4923,1.0362,0.0988,0.5344,0.0979,1.0855
tc065-w193,0.8532,0.8816,0.8634,1.012,0.3601,0.8828,0.358,1.0225
tc066-w196,0.7509,0.7515,0.7571,1.0083,0.4704,0.7694,0.4631,1.0162
tc067-w204,0.4443,0.4306,0.4461,1.0041,0.4224,0.4402,0.408,0.9868
tc068-w207,0.4292,0.4144,0.438,1.0205,0.7056,0.4191,0.6964,0.9568
tc069-w213,0.3061,0.2949,0.3133,1.0235,0.1018,0.3349,0.0992,1.0689
tc070-w215,0.3564,0.3425,0.3673,1.0306,0.1027,0.3804,0.1009,1.0357
tc071-w217,0.3499,0.3411,0.3626,1.0363,0.2171,0.3817,0.2146,1.0527
tc072-w221,0.4128,0.4031,0.4258,1.0315,0.1172,0.4664,0.117,1.0953
tc073-w223,0.7022,0.6949,0.7092,1.01,1.133,0.6992,1.1141,0.9859
tc074-w227,0.4614,0.4439,0.4707,1.0202,0.0642,0.4547,0.0633,0.966
tc075-w229,0.4701,0.4639,0.4885,1.0391,0.1108,0.5228,0.1093,1.0702
tc076-w231,0.3643,0.3638,0.3766,1.0338,0.8602,0.4002,0.8474,1.0627
tc077-w233,0.3523,0.3417,0.3604,1.023,0.2187,0.3875,0.2165,1.0752
tc078-w237,0.3443,0.3334,0.3545,1.0296,0.2254,0.3734,0.2248,1.0533
tc079-w243,0.6978,0.6847,0.7001,1.0033,0.9651,0.6882,0.9577,0.983
tc080-w245,1.9029,1.8907,1.9103,1.0039,1.7243,1.8871,1.6929,0.9879
tc081-w247,0.3428,0.3332,0.3585,1.0458,0.3084,0.3815,0.3016,1.0642
tc082-w263,0.4663,0.4539,0.4735,1.0154,0.1973,0.4556,0.1933,0.9622
tc083-w265,0.5469,0.5516,0.5695,1.0413,0.2538,0.5858,0.251,1.0286
tc084-w267,0.604,0.6032,0.6243,1.0336,0.2579,0.662,0.2573,1.0604
tc085-w287,0.6529,0.6742,0.679,1.04,0.265,0.7353,0.2635,1.0829
tc086-w303,0.6342,0.6475,0.6586,1.0385,0.2632,0.7181,0.2624,1.0903
tc087-w307,0.7451,0.7898,0.7743,1.0392,0.2782,0.8428,0.2786,1.0885
tc088-w327,0.7528,0.7612,0.7794,1.0353,0.1401,0.842,0.1393,1.0803
tc089-w343,0.8023,0.8344,0.8133,1.0137,0.8172,0.8754,0.8031,1.0764
tc090-w345,0.7755,0.8157,0.7847,1.0119,0.8061,0.8285,0.7831,1.0558
tc091-w359,0.8134,0.8225,0.8263,1.0159,0.8207,0.8812,0.8111,1.0664
tc092-w361,0.5036,0.5029,0.5189,1.0304,0.2488,0.5712,0.2462,1.1008
tc093-w363,0.8343,0.8708,0.8515,1.0206,0.8348,0.9664,0.8223,1.1349
tc094-w380,4.4155,4.4625,4.5088,1.0211,2.6706,4.4782,2.6043,0.9932
tc095-w397,0.5275,0.5184,0.5462,1.0355,0.139,0.6111,0.1424,1.1188
tc096-w400,1.0347,1.0318,1.0425,1.0075,1.4219,1.0483,1.4112,1.0056
tc097-w405,0.6142,0.6072,0.6283,1.023,0.1606,0.6979,0.1608,1.1108
tc098-w416,0.9652,0.9665,0.9649,0.9997,0.7651,0.9754,0.7501,1.0109
tc099-w420,0.9726,0.9772,0.9873,1.0151,0.7816,0.9842,0.7729,0.9969
tc100-w423,1.1338,1.1308,1.139,1.0046,0.9417,1.1421,0.9323,1.0027
tc101-w432,1.0522,1.0462,1.0605,1.0079,1.3212,1.0625,1.3144,1.0019
tc102-w451,0.3478,0.332,0.3597,1.0342,1.6652,0.3705,1.6515,1.03
tc103-w455,1.146,1.142,1.1482,1.0019,0.9553,1.1513,0.951,1.0027
tc104-w459,0.3601,0.3469,0.3721,1.0333,0.3406,0.3891,0.337,1.0457
tc105-w472,2.2769,2.2813,2.2834,1.0029,1.8701,2.308,1.8795,1.0108
tc106-w474,3.7258,3.7289,3.7645,1.0104,2.1905,3.7457,2.1532,0.995
tc107-w499,0.5219,0.525,0.5286,1.0128,0.7542,0.5754,0.74,1.0885
tc108-w510,8.0369,7.9144,8.1537,1.0145,1.9986,7.9584,1.944,0.976
tc109-w515,4.0828,4.0269,4.1181,1.0086,1.4775,4.0277,1.4507,0.978
tc110-w584,1.2766,1.307,1.2735,0.9976,1.1213,1.3336,1.1148,1.0472
tc111-w586,3.9873,4.1005,4.0248,1.0094,2.595,4.1292,2.5486,1.0259
tc112-w587,2.2694,2.2375,2.2816,1.0054,1.2786,2.2427,1.2672,0.983
tc113-w626,0.4861,0.4865,0.5002,1.029,0.4852,0.566,0.478,1.1315
tc114-w667,0.4812,0.4766,0.4891,1.0164,0.496,0.5384,0.4914,1.1008
tc115-w746,0.5466,0.5627,0.552,1.0099,0.9727,0.6601,0.9644,1.1958
tc116-w754,0.5677,0.5576,0.5747,1.0123,0.735,0.6474,0.7299,1.1265
tc117-w762,0.6021,0.6088,0.6076,1.0091,1.1649,0.7027,1.1493,1.1565
tc118-w834,0.6598,0.6698,0.6717,1.018,1.2233,0.7733,1.2057,1.1513
tc119-w845,1.3718,1.3669,1.3743,1.0018,5.6149,1.3916,5.5614,1.0126
tc120-w875,0.6288,0.6354,0.6404,1.0184,0.9494,0.7422,0.9401,1.159
tc121-w896,0.5563,0.5694,0.5621,1.0104,1.004,0.6584,0.992,1.1713
tc122-w898,0.675,0.6962,0.6796,1.0068,0.7964,0.7703,0.7903,1.1335
tc123-w918,0.5298,0.5413,0.5332,1.0064,1.1761,0.6116,1.1589,1.147
tc124-w944,14.7005,14.6985,14.8219,1.0083,4.5552,14.7561,4.4565,0.9956
tc125-w1024,0.6295,0.637,0.6391,1.0153,1.6602,0.7125,1.6298,1.1148
tc126-w1088,0.41,0.3957,0.4161,1.0149,1.6218,0.4455,1.6029,1.0707
tc127-w1104,0.4716,0.473,0.4771,1.0117,1.7285,0.5273,1.7111,1.1052
tc128-w1152,0.5764,0.5848,0.5748,0.9972,1.8771,0.6779,1.8607,1.1794
tc129-w1216,7.3866,7.3772,7.4163,1.004,2.5454,7.4435,2.5181,1.0037
tc130-w1264,7.3652,7.4531,7.3395,0.9965,2.1856,7.4469,2.1485,1.0146
tc131-w1288,1.3655,1.3619,1.3596,0.9957,2.7777,1.3736,2.7435,1.0103
tc132-w1304,1.9453,2.0043,1.9512,1.003,3.9822,1.998,3.9109,1.024
tc133-w1314,4.6682,4.6492,4.6833,1.0032,2.0246,4.6717,1.9974,0.9975
tc134-w1344,0.5363,0.5207,0.5377,1.0026,2.4975,0.5468,2.4685,1.0169
tc135-w1360,0.5857,0.5842,0.5859,1.0003,2.5917,0.6459,2.5703,1.1024
tc136-w1488,0.9944,1.0586,1.0622,1.0682,3.8785,1.0739,3.8308,1.011
tc137-w1552,1.5199,1.5186,1.5208,1.0006,4.6005,1.5281,4.5253,1.0048
tc138-w1600,18.9309,18.7755,18.9486,1.0009,4.0694,18.8001,3.9783,0.9922
tc139-w1616,0.7065,0.6997,0.6999,0.9907,4.559,0.7101,4.5125,1.0146
tc140-w1696,1.2842,1.2582,1.2902,1.0047,3.6825,1.2745,3.6726,0.9878
tc141-w1752,0.7094,0.7421,0.7112,1.0025,1.9354,0.8314,1.9092,1.169
tc142-w1832,1.4485,1.4833,1.4448,0.9974,2.9906,1.5022,2.9582,1.0397
tc143-w1844,1.3288,1.3046,1.3253,0.9974,8.1859,1.3222,7.9065,0.9977
tc144-w1872,0.6373,0.6338,0.6336,0.9942,3.0974,0.7105,2.8409,1.1214
tc145-w1888,1.0026,0.9988,1.0063,1.0037,3.7241,0.9456,3.3447,0.9397
tc146-w1904,0.6633,0.6574,0.6621,0.9982,1.9783,0.7619,1.939,1.1507
tc147-w1920,0.7217,0.7275,0.7219,1.0003,2.2013,0.8302,2.0023,1.15
tc148-w2016,1.2225,1.2144,1.2227,1.0002,11.0478,1.2305,10.8573,1.0064
tc149-w2056,0.6301,0.6275,0.6275,0.9959,1.6952,0.6424,1.6699,1.0237
tc150-w2080,0.931,0.926,0.9267,0.9954,2.9984,0.9354,2.9897,1.0094
tc151-w2144,0.6866,0.6863,0.6865,0.9999,3.9946,0.7477,3.9595,1.0891
tc152-w2160,1.4667,1.4449,1.4644,0.9984,11.8479,1.4582,11.601,0.9958
tc153-w2245,0.6568,0.6529,0.6573,1.0008,2.0342,0.7178,2.0068,1.092
tc154-w2256,0.4695,0.4726,0.469,0.9989,1.5014,0.5462,1.4917,1.1646
tc155-w2272,0.5571,0.5892,0.5633,1.0111,1.6167,0.6523,1.5985,1.158
tc156-w2336,0.739,0.7466,0.7381,0.9988,1.7688,0.7593,1.7577,1.0287
tc157-w2400,0.3817,0.3795,0.3815,0.9995,1.3026,0.4428,1.2923,1.1607
tc158-w2416,0.4868,0.4913,0.4894,1.0053,2.4154,0.5742,2.4132,1.1733
tc159-w2656,0.984,0.9823,0.9831,0.9991,3.6628,0.9967,3.6456,1.0138
tc160-w2778,0.7291,0.7198,0.7296,1.0007,3.7377,0.8388,3.6815,1.1497
tc161-w2784,0.7117,0.7117,0.7117,1.0,3.5532,0.8265,3.5077,1.1613
tc162-w2928,0.6011,0.5975,0.5984,0.9955,2.1072,0.6732,2.0818,1.125
