name,cls,stage1_ms,native_ms,native_over_stage1,p27_native_ms,native_over_p27,p27_stage1_ms
big00-b32l128,big,11.4354,10.2542,0.8967,10.249,1.0005,11.2871
big00-b8l256,big,17.4214,17.4199,0.9999,17.4026,1.001,17.4067
big01-b32l128,big,19.8113,19.7961,0.9992,19.7887,1.0004,19.8193
big01-b8l256,big,36.8265,39.3873,1.0695,39.2384,1.0038,36.8572
big02-b32l128,big,17.0098,17.0191,1.0005,17.029,0.9994,17.0314
big02-b8l256,big,32.0847,32.1003,1.0005,32.0615,1.0012,32.0826
big03-b32l128,big,18.2361,18.2301,0.9997,18.2201,1.0005,18.2127
big03-b8l256,big,32.6498,32.6882,1.0012,32.6318,1.0017,32.6451
big04-b32l128,big,18.295,18.31,1.0008,18.2789,1.0017,18.2878
big04-b8l256,big,32.6716,32.6968,1.0008,32.6901,1.0002,32.6801
big05-b32l128,big,18.932,19.0677,1.0072,18.9568,1.0059,19.1105
big05-b8l256,big,32.7488,32.7654,1.0005,32.7376,1.0008,32.7371
big06-b32l128,big,18.8009,19.4375,1.0339,18.9001,1.0284,18.8194
big06-b8l256,big,32.9217,32.9144,0.9998,32.8984,1.0005,32.9226
big07-b32l128,big,19.0249,20.0032,1.0514,19.3161,1.0356,18.9937
big07-b8l256,big,33.5446,34.8347,1.0385,34.8969,0.9982,33.4901
big08-b32l128,big,27.059,27.1638,1.0039,27.7029,0.9805,27.365
big08-b8l256,big,43.1847,43.5827,1.0092,43.6043,0.9995,43.1411
big09-b32l128,big,23.9651,20.8795,0.8712,21.0944,0.9898,21.5708
big09-b8l256,big,38.4165,25.436,0.6621,25.5775,0.9945,38.4178
big10-b32l128,big,59.0152,47.1963,0.7997,47.9872,0.9835,68.6404
big10-b8l256,big,73.0414,73.162,1.0017,73.5096,0.9953,73.4546
big11-b32l128,big,35.9746,37.5505,1.0438,41.391,0.9072,39.7576
big11-b8l256,big,65.0425,64.9712,0.9989,64.9576,1.0002,64.9872
big12-b32l128,big,11.444,11.9374,1.0431,9.7287,1.227,9.7184
big12-b8l256,big,5.5362,5.8094,1.0493,5.1873,1.1199,5.2147
big13-b32l128,big,67.3617,56.5015,0.8388,56.3976,1.0018,76.2649
big13-b8l256,big,92.4102,81.6659,0.8837,83.2742,0.9807,105.787
big14-b32l128,big,20.7759,20.916,1.0067,20.2267,1.0341,17.5919
big14-b8l256,big,11.256,11.8357,1.0515,11.5171,1.0277,10.7737
big15-b32l128,big,71.4981,58.5926,0.8195,58.7349,0.9976,80.5671
big15-b8l256,big,77.8409,77.4996,0.9956,78.269,0.9902,78.2922
big16-b32l128,big,60.8204,66.0499,1.086,66.1497,0.9985,63.07
big16-b8l256,big,88.9523,86.9714,0.9777,88.7346,0.9801,100.1701
db00-b16l128,db,0.1435,0.1476,1.0286,0.1481,0.9966,0.1443
db00-b64l256,db,0.2106,0.2102,0.9981,0.2108,0.9972,0.2089
db01-b256l512,db,1.3452,1.3432,0.9985,1.3391,1.0031,1.3385
db01-b64l256,db,0.238,0.2333,0.9803,0.2381,0.9798,0.2348
db02-b256l512,db,3.4482,3.4313,0.9951,3.4526,0.9938,3.441
db02-b4l1024,db,0.7929,0.7973,1.0055,0.7997,0.997,0.7933
db03-b128l128,db,1.1689,1.1646,0.9963,1.158,1.0057,1.1665
db03-b4l1024,db,0.817,0.8176,1.0007,0.8168,1.001,0.8127
db04-b128l128,db,0.2988,0.2991,1.001,0.2988,1.001,0.2984
db04-b16l128,db,0.2231,0.2201,0.9866,0.2241,0.9822,0.2183
db05-b16l128,db,0.7101,0.7061,0.9944,0.7089,0.9961,0.7114
db05-b64l256,db,1.4362,1.434,0.9985,1.428,1.0042,1.435
db06-b256l512,db,10.9949,10.9926,0.9998,10.9641,1.0026,10.9583
db06-b64l256,db,1.4622,1.4621,0.9999,1.4599,1.0015,1.4581
db07-b256l512,db,16.0814,15.9896,0.9943,15.9954,0.9996,16.059
db07-b4l1024,db,24.2566,24.3268,1.0029,24.3697,0.9982,24.1806
db08-b128l128,db,3.6735,3.677,1.001,3.6797,0.9993,3.6677
db08-b4l1024,db,24.3396,24.276,0.9974,24.3709,0.9961,24.3048
db09-b128l128,db,1.415,1.415,1.0,1.4155,0.9996,1.4045
db09-b16l128,db,0.3886,0.3871,0.9961,0.3902,0.9921,0.3882
db10-b16l128,db,3.5217,3.5148,0.998,3.5123,1.0007,3.5214
db10-b64l256,db,7.4194,7.4309,1.0015,7.3946,1.0049,7.4237
db11-b256l512,db,2.1836,2.1825,0.9995,2.1835,0.9995,2.1791
db11-b64l256,db,0.6364,0.6405,1.0064,0.6397,1.0013,0.6376
db12-b256l512,db,100.9778,101.2406,1.0026,101.3198,0.9992,101.0509
db12-b4l1024,db,125.8914,135.5483,1.0767,135.0377,1.0038,135.6051
db13-b128l128,db,0.6435,0.6444,1.0014,0.6458,0.9978,0.6445
db13-b4l1024,db,1.8842,1.8729,0.994,1.8774,0.9976,1.8755
db14-b128l128,db,0.7364,0.7352,0.9984,0.7362,0.9986,0.7352
db14-b16l128,db,0.5624,0.5617,0.9988,0.561,1.0012,0.5595
db15-b16l128,db,0.6201,0.6185,0.9974,0.6213,0.9955,0.6191
db15-b64l256,db,1.2888,1.2861,0.9979,1.2877,0.9988,1.2856
db16-b256l512,db,4.4786,4.4774,0.9997,4.4821,0.999,4.4898
db16-b64l256,db,1.0793,1.0819,1.0024,1.0792,1.0025,1.0793
db17-b256l512,db,7.2924,7.2918,0.9999,7.3059,0.9981,7.3007
db17-b4l1024,db,5.704,5.6862,0.9969,5.6865,0.9999,5.7035
db18-b128l128,db,1.5957,1.5946,0.9993,1.6012,0.9959,1.5971
db18-b4l1024,db,7.2256,7.2232,0.9997,7.2309,0.9989,7.2325
db19-b128l128,db,1.6665,1.6711,1.0028,1.6713,0.9999,1.6626
db19-b16l128,db,1.1642,1.1623,0.9984,1.1656,0.9972,1.163
mid00-b16l256,mid,4.6258,4.6176,0.9982,4.6199,0.9995,4.6182
mid00-b64l128,mid,2.6744,2.6668,0.9972,2.6646,1.0008,2.6618
mid01-b16l256,mid,1.6107,1.614,1.002,1.6203,0.9961,1.6147
mid01-b64l128,mid,2.0188,2.0101,0.9957,2.0209,0.9947,2.0141
mid02-b16l256,mid,1.3377,1.3286,0.9932,1.3305,0.9986,1.3321
mid02-b64l128,mid,1.1328,1.1341,1.0011,1.13,1.0036,1.135
mid03-b16l256,mid,7.2978,7.3048,1.001,7.3042,1.0001,7.2975
mid03-b64l128,mid,3.9953,4.0002,1.0012,4.0061,0.9985,3.9963
mid04-b16l256,mid,4.8981,4.9212,1.0047,4.9248,0.9993,4.8902
mid04-b64l128,mid,3.1158,3.1164,1.0002,3.1157,1.0002,3.1163
mid05-b16l256,mid,1.9356,1.9421,1.0034,1.9486,0.9967,1.9478
mid05-b64l128,mid,2.6414,2.6354,0.9977,2.642,0.9975,2.6301
mid06-b16l256,mid,9.4824,9.4561,0.9972,9.4603,0.9996,9.4849
mid06-b64l128,mid,5.8921,5.8901,0.9997,5.8887,1.0002,5.8867
mid07-b16l256,mid,1.6917,1.6868,0.9971,1.6858,1.0006,1.6725
mid07-b64l128,mid,2.9443,2.9413,0.999,2.9529,0.9961,2.9461
mid08-b16l256,mid,7.0479,7.0645,1.0024,7.0633,1.0002,7.0501
mid08-b64l128,mid,4.7292,4.734,1.001,4.7279,1.0013,4.6917
mid09-b16l256,mid,12.7084,12.7485,1.0032,12.7383,1.0008,12.7182
mid09-b64l128,mid,8.1268,8.2851,1.0195,8.2034,1.01,8.0838
mid10-b16l256,mid,12.7523,12.7631,1.0008,12.754,1.0007,12.7541
mid10-b64l128,mid,8.1229,8.1789,1.0069,8.2061,0.9967,9.3759
mid11-b16l256,mid,12.9855,13.0068,1.0016,13.0078,0.9999,12.9813
mid11-b64l128,mid,8.744,9.8742,1.1293,9.7537,1.0124,8.5097
mid12-b16l256,mid,17.2703,17.2702,1.0,17.2641,1.0004,17.2679
mid12-b64l128,mid,11.3383,11.0126,0.9713,10.8712,1.013,11.3853
mid13-b16l256,mid,4.2485,4.1635,0.98,4.2198,0.9867,4.1506
mid13-b64l128,mid,6.7822,6.8811,1.0146,6.7874,1.0138,6.7635
mid14-b16l256,mid,98.7899,97.5757,0.9877,97.9155,0.9965,94.335
mid14-b64l128,mid,53.1652,53.5273,1.0068,53.3778,1.0028,51.968
synth-matlstm-a,synth,16.7368,15.4029,0.9203,15.6821,0.9822,14.9442
synth-matlstm-b,synth,53.485,52.2834,0.9775,53.4751,0.9777,51.6845
